"pokemon_id","normal","fire","water","electric","grass","ice","fighting","poison","ground","flying","psychic","bug","rock","ghost","dragon","dark","steel"
1,"1","2","0.5","0.5","0.25","2","0.5","1","1","2","2","1","1","1","1","1","1"
2,"1","2","0.5","0.5","0.25","2","0.5","1","1","2","2","1","1","1","1","1","1"
3,"1","2","0.5","0.5","0.25","2","0.5","1","1","2","2","1","1","1","1","1","1"
6,"1","0.5","2","2","0.25","1","0.5","1","0","1","1","0.25","4","1","1","1","0.5"
7,"1","0.5","0.5","2","2","0.5","1","1","1","1","1","1","1","1","1","1","0.5"
8,"1","0.5","0.5","2","2","0.5","1","1","1","1","1","1","1","1","1","1","0.5"
9,"1","0.5","0.5","2","2","0.5","1","1","1","1","1","1","1","1","1","1","0.5"
10,"1","2","1","1","0.5","1","0.5","1","0.5","2","1","1","2","1","1","1","1"
4,"1","0.5","2","1","0.5","0.5","1","1","2","1","1","0.5","2","1","1","1","0.5"
5,"1","0.5","2","1","0.5","0.5","1","1","2","1","1","0.5","2","1","1","1","0.5"
270,"1","1","0.25","1","1","1","1","2","0.5","2","1","2","1","1","1","1","0.5"
271,"1","1","0.25","1","1","1","1","2","0.5","2","1","2","1","1","1","1","0.5"
272,"1","1","0.25","1","1","1","1","2","0.5","2","1","2","1","1","1","1","0.5"
46,"1","4","0.5","0.5","0.25","2","0.5","2","0.25","4","1","2","2","1","1","1","1"
47,"1","4","0.5","0.5","0.25","2","0.5","2","0.25","4","1","2","2","1","1","1","1"
345,"0.5","1","1","0.5","1","2","2","1","1","1","1","2","1","1","1","1","2"
346,"0.5","1","1","0.5","1","2","2","1","1","1","1","2","1","1","1","1","2"
251,"1","2","0.5","0.5","0.5","2","0.5","2","0.5","2","0.5","4","1","2","1","2","1"
230,"1","0.25","0.25","1","1","1","1","1","1","1","1","1","1","1","2","1","0.5"
329,"1","0.5","0.5","0","1","4","1","0.5","1","2","1","1","0.5","1","2","1","1"
330,"1","0.5","0.5","0","1","4","1","0.5","1","2","1","1","0.5","1","2","1","1"
72,"1","0.5","0.5","2","1","0.5","0.5","0.5","2","1","2","0.5","1","1","1","1","0.5"
73,"1","0.5","0.5","2","1","0.5","0.5","0.5","2","1","2","0.5","1","1","1","1","0.5"
211,"1","0.5","0.5","2","1","0.5","0.5","0.5","2","1","2","0.5","1","1","1","1","0.5"
13,"1","2","1","1","0.25","1","0.25","0.5","1","2","2","0.5","2","1","1","1","1"
14,"1","2","1","1","0.25","1","0.25","0.5","1","2","2","0.5","2","1","1","1","1"
15,"1","2","1","1","0.25","1","0.25","0.5","1","2","2","0.5","2","1","1","1","1"
48,"1","2","1","1","0.25","1","0.25","0.5","1","2","2","0.5","2","1","1","1","1"
49,"1","2","1","1","0.25","1","0.25","0.5","1","2","2","0.5","2","1","1","1","1"
167,"1","2","1","1","0.25","1","0.25","0.5","1","2","2","0.5","2","1","1","1","1"
168,"1","2","1","1","0.25","1","0.25","0.5","1","2","2","0.5","2","1","1","1","1"
269,"1","2","1","1","0.25","1","0.25","0.5","1","2","2","0.5","2","1","1","1","1"
92,"0","1","1","1","0.5","1","0","0.25","2","1","2","0.25","1","2","1","2","1"
93,"0","1","1","1","0.5","1","0","0.25","2","1","2","0.25","1","2","1","2","1"
94,"0","1","1","1","0.5","1","0","0.25","2","1","2","0.25","1","2","1","2","1"
43,"1","2","0.5","0.5","0.25","2","0.5","1","1","2","2","1","1","1","1","1","1"
44,"1","2","0.5","0.5","0.25","2","0.5","1","1","2","2","1","1","1","1","1","1"
45,"1","2","0.5","0.5","0.25","2","0.5","1","1","2","2","1","1","1","1","1","1"
69,"1","2","0.5","0.5","0.25","2","0.5","1","1","2","2","1","1","1","1","1","1"
70,"1","2","0.5","0.5","0.25","2","0.5","1","1","2","2","1","1","1","1","1","1"
71,"1","2","0.5","0.5","0.25","2","0.5","1","1","2","2","1","1","1","1","1","1"
315,"1","2","0.5","0.5","0.25","2","0.5","1","1","2","2","1","1","1","1","1","1"
62,"1","0.5","0.5","2","2","0.5","1","1","1","2","2","0.5","0.5","1","1","0.5","0.5"
214,"1","2","1","1","0.5","1","0.5","1","0.5","4","2","0.5","1","1","1","0.5","1"
256,"1","0.5","2","1","0.5","0.5","1","1","2","2","2","0.25","1","1","1","0.5","0.5"
257,"1","0.5","2","1","0.5","0.5","1","1","2","2","2","0.25","1","1","1","0.5","0.5"
286,"1","2","0.5","0.5","0.5","2","1","2","0.5","4","2","1","0.5","1","1","0.5","1"
228,"1","0.5","2","1","0.5","0.5","2","1","2","1","0","1","2","0.5","1","0.5","0.5"
229,"1","0.5","2","1","0.5","0.5","2","1","2","1","0","1","2","0.5","1","0.5","0.5"
318,"1","0.5","0.5","2","2","0.5","2","1","1","1","0","2","1","0.5","1","0.5","0.5"
319,"1","0.5","0.5","2","2","0.5","2","1","1","1","0","2","1","0.5","1","0.5","0.5"
342,"1","0.5","0.5","2","2","0.5","2","1","1","1","0","2","1","0.5","1","0.5","0.5"
248,"0.5","0.5","2","1","2","1","4","0.5","2","0.5","0","2","1","0.5","1","0.5","2"
274,"1","2","0.5","0.5","0.5","2","2","2","0.5","2","0","4","1","0.5","1","0.5","1"
275,"1","2","0.5","0.5","0.5","2","2","2","0.5","2","0","4","1","0.5","1","0.5","1"
332,"1","2","0.5","0.5","0.5","2","2","2","0.5","2","0","4","1","0.5","1","0.5","1"
374,"0.5","2","1","1","0.5","0.5","1","0","2","0.5","0.25","1","0.5","1","0.5","1","0.5"
375,"0.5","2","1","1","0.5","0.5","1","0","2","0.5","0.25","1","0.5","1","0.5","1","0.5"
376,"0.5","2","1","1","0.5","0.5","1","0","2","0.5","0.25","1","0.5","1","0.5","1","0.5"
385,"0.5","2","1","1","0.5","0.5","1","0","2","0.5","0.25","1","0.5","1","0.5","1","0.5"
79,"1","0.5","0.5","2","2","0.5","0.5","1","1","1","0.5","2","1","2","1","2","0.5"
80,"1","0.5","0.5","2","2","0.5","0.5","1","1","1","0.5","2","1","2","1","2","0.5"
121,"1","0.5","0.5","2","2","0.5","0.5","1","1","1","0.5","2","1","2","1","2","0.5"
199,"1","0.5","0.5","2","2","0.5","0.5","1","1","1","0.5","2","1","2","1","2","0.5"
124,"1","2","1","2","0.5","0.5","1","1","1","1","0.5","2","2","2","1","2","2"
238,"1","2","1","2","0.5","0.5","1","1","1","1","0.5","2","2","2","1","2","2"
337,"0.5","0.5","2","1","2","1","1","0.5","2","0.5","0.5","2","1","2","1","2","2"
338,"0.5","0.5","2","1","2","1","1","0.5","2","0.5","0.5","2","1","2","1","2","2"
343,"1","1","1","0","2","2","0.5","0.5","1","2","0.5","2","0.5","2","1","2","1"
344,"1","1","1","0","2","2","0.5","0.5","1","2","0.5","2","0.5","2","1","2","1"
203,"1","1","1","1","1","1","1","1","1","1","0.5","2","1","0","1","2","1"
307,"1","1","1","1","1","1","0.5","1","1","2","1","1","0.5","2","1","1","1"
308,"1","1","1","1","1","1","0.5","1","1","2","1","1","0.5","2","1","1","1"
380,"1","0.5","0.5","0.5","0.5","2","0.5","1","1","1","0.5","2","1","2","2","2","1"
381,"1","0.5","0.5","0.5","0.5","2","0.5","1","1","1","0.5","2","1","2","2","2","1"
102,"1","2","0.5","0.5","0.5","2","0.5","2","0.5","2","0.5","4","1","2","1","2","1"
103,"1","2","0.5","0.5","0.5","2","0.5","2","0.5","2","0.5","4","1","2","1","2","1"
292,"0","2","1","1","0.5","1","0","0.5","0.5","2","1","0.5","2","2","1","2","1"
302,"0","1","1","1","1","1","0","0.5","1","1","0","1","1","1","1","1","1"
176,"1","1","1","2","0.5","2","0.5","1","0","1","1","0.5","2","1","1","1","1"
145,"1","1","1","1","0.5","2","0.5","1","0","0.5","1","0.5","2","1","1","1","0.5"
227,"0.5","2","1","2","0.25","1","1","0","0","0.5","0.5","0.25","1","0.5","0.5","0.5","0.5"
130,"1","0.5","0.5","4","1","1","0.5","1","0","1","1","0.5","2","1","1","1","0.5"
226,"1","0.5","0.5","4","1","1","0.5","1","0","1","1","0.5","2","1","1","1","0.5"
278,"1","0.5","0.5","4","1","1","0.5","1","0","1","1","0.5","2","1","1","1","0.5"
279,"1","0.5","0.5","4","1","1","0.5","1","0","1","1","0.5","2","1","1","1","0.5"
12,"1","2","1","2","0.25","2","0.25","1","0","2","1","0.5","4","1","1","1","1"
123,"1","2","1","2","0.25","2","0.25","1","0","2","1","0.5","4","1","1","1","1"
165,"1","2","1","2","0.25","2","0.25","1","0","2","1","0.5","4","1","1","1","1"
166,"1","2","1","2","0.25","2","0.25","1","0","2","1","0.5","4","1","1","1","1"
193,"1","2","1","2","0.25","2","0.25","1","0","2","1","0.5","4","1","1","1","1"
267,"1","2","1","2","0.25","2","0.25","1","0","2","1","0.5","4","1","1","1","1"
284,"1","2","1","2","0.25","2","0.25","1","0","2","1","0.5","4","1","1","1","1"
291,"1","2","1","2","0.25","2","0.25","1","0","2","1","0.5","4","1","1","1","1"
144,"1","2","1","4","0.25","1","1","1","0","1","1","0.5","4","1","1","1","2"
225,"1","2","1","4","0.25","1","1","1","0","1","1","0.5","4","1","1","1","2"
142,"0.5","0.5","2","2","1","2","1","0.5","0","0.5","1","0.5","2","1","1","1","2"
207,"1","1","1","0","1","4","0.5","0.5","0","2","1","0.5","1","1","1","1","1"
16,"1","1","1","2","0.5","2","1","1","0","1","1","0.5","2","0","1","1","1"
17,"1","1","1","2","0.5","2","1","1","0","1","1","0.5","2","0","1","1","1"
18,"1","1","1","2","0.5","2","1","1","0","1","1","0.5","2","0","1","1","1"
21,"1","1","1","2","0.5","2","1","1","0","1","1","0.5","2","0","1","1","1"
22,"1","1","1","2","0.5","2","1","1","0","1","1","0.5","2","0","1","1","1"
83,"1","1","1","2","0.5","2","1","1","0","1","1","0.5","2","0","1","1","1"
84,"1","1","1","2","0.5","2","1","1","0","1","1","0.5","2","0","1","1","1"
85,"1","1","1","2","0.5","2","1","1","0","1","1","0.5","2","0","1","1","1"
163,"1","1","1","2","0.5","2","1","1","0","1","1","0.5","2","0","1","1","1"
164,"1","1","1","2","0.5","2","1","1","0","1","1","0.5","2","0","1","1","1"
276,"1","1","1","2","0.5","2","1","1","0","1","1","0.5","2","0","1","1","1"
277,"1","1","1","2","0.5","2","1","1","0","1","1","0.5","2","0","1","1","1"
333,"1","1","1","2","0.5","2","1","1","0","1","1","0.5","2","0","1","1","1"
177,"1","1","1","2","0.5","2","0.25","1","0","1","0.5","1","2","2","1","2","1"
178,"1","1","1","2","0.5","2","0.25","1","0","1","0.5","1","2","2","1","2","1"
249,"1","1","1","2","0.5","2","0.25","1","0","1","0.5","1","2","2","1","2","1"
198,"1","1","1","2","0.5","2","1","1","0","1","0","1","2","0.5","1","0.5","1"
146,"1","0.5","2","2","0.25","1","0.5","1","0","1","1","0.25","4","1","1","1","0.5"
250,"1","0.5","2","2","0.25","1","0.5","1","0","1","1","0.25","4","1","1","1","0.5"
41,"1","1","1","2","0.25","2","0.25","0.5","0","1","2","0.25","2","1","1","1","1"
42,"1","1","1","2","0.25","2","0.25","0.5","0","1","2","0.25","2","1","1","1","1"
169,"1","1","1","2","0.25","2","0.25","0.5","0","1","2","0.25","2","1","1","1","1"
149,"1","0.5","0.5","1","0.25","4","0.5","1","0","1","1","0.5","2","1","2","1","1"
334,"1","0.5","0.5","1","0.25","4","0.5","1","0","1","1","0.5","2","1","2","1","1"
373,"1","0.5","0.5","1","0.25","4","0.5","1","0","1","1","0.5","2","1","2","1","1"
384,"1","0.5","0.5","1","0.25","4","0.5","1","0","1","1","0.5","2","1","2","1","1"
187,"1","2","0.5","1","0.25","4","0.5","2","0","2","1","1","2","1","1","1","1"
188,"1","2","0.5","1","0.25","4","0.5","2","0","2","1","1","2","1","1","1","1"
189,"1","2","0.5","1","0.25","4","0.5","2","0","2","1","1","2","1","1","1","1"
357,"1","2","0.5","1","0.25","4","0.5","2","0","2","1","1","2","1","1","1","1"
208,"0.5","2","1","0","1","1","2","0","2","1","0.5","0.5","0.25","0.5","0.5","0.5","0.5"
194,"1","0.5","0.5","0","4","1","1","0.5","1","2","1","1","0.5","1","1","1","0.5"
195,"1","0.5","0.5","0","4","1","1","0.5","1","2","1","1","0.5","1","1","1","0.5"
259,"1","0.5","0.5","0","4","1","1","0.5","1","2","1","1","0.5","1","1","1","0.5"
260,"1","0.5","0.5","0","4","1","1","0.5","1","2","1","1","0.5","1","1","1","0.5"
339,"1","0.5","0.5","0","4","1","1","0.5","1","2","1","1","0.5","1","1","1","0.5"
340,"1","0.5","0.5","0","4","1","1","0.5","1","2","1","1","0.5","1","1","1","0.5"
290,"1","2","1","0","1","2","0.5","0.5","0.5","4","1","1","1","1","1","1","1"
220,"1","2","1","0","1","1","2","0.5","1","2","1","1","1","1","1","1","2"
221,"1","2","1","0","1","1","2","0.5","1","2","1","1","1","1","1","1","2"
74,"0.5","0.5","2","0","4","2","2","0.25","2","1","1","1","0.5","1","1","1","2"
75,"0.5","0.5","2","0","4","2","2","0.25","2","1","1","1","0.5","1","1","1","2"
76,"0.5","0.5","2","0","4","2","2","0.25","2","1","1","1","0.5","1","1","1","2"
95,"0.5","0.5","2","0","4","2","2","0.25","2","1","1","1","0.5","1","1","1","2"
246,"0.5","0.5","2","0","4","2","2","0.25","2","1","1","1","0.5","1","1","1","2"
247,"0.5","0.5","2","0","4","2","2","0.25","2","1","1","1","0.5","1","1","1","2"
322,"1","0.5","2","0","1","1","1","0.5","2","2","1","0.5","1","1","1","1","0.5"
323,"1","0.5","2","0","1","1","1","0.5","2","2","1","0.5","1","1","1","1","0.5"
31,"1","1","1","0","1","2","0.5","0.25","2","2","2","0.5","0.5","1","1","1","1"
34,"1","1","1","0","1","2","0.5","0.25","2","2","2","0.5","0.5","1","1","1","1"
304,"0.25","1","2","1","1","0.5","4","0","4","0.25","0.5","0.5","0.5","0.5","0.5","0.5","1"
305,"0.25","1","2","1","1","0.5","4","0","4","0.25","0.5","0.5","0.5","0.5","0.5","0.5","1"
306,"0.25","1","2","1","1","0.5","4","0","4","0.25","0.5","0.5","0.5","0.5","0.5","0.5","1"
222,"0.5","0.25","1","2","4","0.5","2","0.5","2","0.5","1","1","1","1","1","1","1"
369,"0.5","0.25","1","2","4","0.5","2","0.5","2","0.5","1","1","1","1","1","1","1"
213,"0.5","1","2","1","1","1","1","0.5","1","1","1","1","2","1","1","1","2"
111,"0.5","0.5","2","0","4","2","2","0.25","2","1","1","1","0.5","1","1","1","2"
112,"0.5","0.5","2","0","4","2","2","0.25","2","1","1","1","0.5","1","1","1","2"
219,"0.5","0.25","4","1","1","0.5","2","0.5","4","0.5","1","0.5","2","1","1","1","1"
87,"1","1","0.5","4","1","0.25","2","1","1","1","1","1","2","1","1","1","1"
91,"1","1","0.5","4","1","0.25","2","1","1","1","1","1","2","1","1","1","1"
131,"1","1","0.5","4","1","0.25","2","1","1","1","1","1","2","1","1","1","1"
215,"1","2","1","2","0.5","0.5","4","1","1","1","0","2","2","0.5","1","0.5","2"
347,"0.5","1","2","1","1","1","1","0.5","1","1","1","1","2","1","1","1","2"
348,"0.5","1","2","1","1","1","1","0.5","1","1","1","1","2","1","1","1","2"
283,"1","1","0.5","2","1","0.5","0.5","1","0.5","2","1","1","2","1","1","1","0.5"
363,"1","1","0.5","4","1","0.25","2","1","1","1","1","1","2","1","1","1","1"
364,"1","1","0.5","4","1","0.25","2","1","1","1","1","1","2","1","1","1","1"
365,"1","1","0.5","4","1","0.25","2","1","1","1","1","1","2","1","1","1","1"
138,"0.5","0.25","1","2","4","0.5","2","0.5","2","0.5","1","1","1","1","1","1","1"
139,"0.5","0.25","1","2","4","0.5","2","0.5","2","0.5","1","1","1","1","1","1","1"
140,"0.5","0.25","1","2","4","0.5","2","0.5","2","0.5","1","1","1","1","1","1","1"
141,"0.5","0.25","1","2","4","0.5","2","0.5","2","0.5","1","1","1","1","1","1","1"
81,"0.5","2","1","0.5","0.5","0.5","2","0","4","0.25","0.5","0.5","0.5","0.5","0.5","0.5","0.25"
82,"0.5","2","1","0.5","0.5","0.5","2","0","4","0.25","0.5","0.5","0.5","0.5","0.5","0.5","0.25"
205,"0.5","4","1","1","0.25","0.5","1","0","1","1","0.5","0.5","1","0.5","0.5","0.5","0.5"
212,"0.5","4","1","1","0.25","0.5","1","0","1","1","0.5","0.5","1","0.5","0.5","0.5","0.5"
170,"1","0.5","0.5","1","2","0.5","1","1","2","0.5","1","1","1","1","1","1","0.25"
171,"1","0.5","0.5","1","2","0.5","1","1","2","0.5","1","1","1","1","1","1","0.25"
35,"1","1","1","1","1","1","1","1","1","1","1","1","1","1","1","1","1"
36,"1","1","1","1","1","1","1","1","1","1","1","1","1","1","1","1","1"
173,"1","1","1","1","1","1","1","1","1","1","1","1","1","1","1","1","1"
175,"1","1","1","1","1","1","1","1","1","1","1","1","1","1","1","1","1"
209,"1","1","1","1","1","1","1","1","1","1","1","1","1","1","1","1","1"
210,"1","1","1","1","1","1","1","1","1","1","1","1","1","1","1","1","1"
25,"1","1","1","0.5","1","1","1","1","2","0.5","1","1","1","1","1","1","0.5"
26,"1","1","1","0.5","1","1","1","1","2","0.5","1","1","1","1","1","1","0.5"
100,"1","1","1","0.5","1","1","1","1","2","0.5","1","1","1","1","1","1","0.5"
101,"1","1","1","0.5","1","1","1","1","2","0.5","1","1","1","1","1","1","0.5"
125,"1","1","1","0.5","1","1","1","1","2","0.5","1","1","1","1","1","1","0.5"
135,"1","1","1","0.5","1","1","1","1","2","0.5","1","1","1","1","1","1","0.5"
172,"1","1","1","0.5","1","1","1","1","2","0.5","1","1","1","1","1","1","0.5"
179,"1","1","1","0.5","1","1","1","1","2","0.5","1","1","1","1","1","1","0.5"
180,"1","1","1","0.5","1","1","1","1","2","0.5","1","1","1","1","1","1","0.5"
181,"1","1","1","0.5","1","1","1","1","2","0.5","1","1","1","1","1","1","0.5"
239,"1","1","1","0.5","1","1","1","1","2","0.5","1","1","1","1","1","1","0.5"
243,"1","1","1","0.5","1","1","1","1","2","0.5","1","1","1","1","1","1","0.5"
309,"1","1","1","0.5","1","1","1","1","2","0.5","1","1","1","1","1","1","0.5"
310,"1","1","1","0.5","1","1","1","1","2","0.5","1","1","1","1","1","1","0.5"
311,"1","1","1","0.5","1","1","1","1","2","0.5","1","1","1","1","1","1","0.5"
312,"1","1","1","0.5","1","1","1","1","2","0.5","1","1","1","1","1","1","0.5"
379,"0.5","2","1","1","0.5","0.5","2","0","2","0.5","0.5","0.5","0.5","0.5","0.5","0.5","0.5"
54,"1","0.5","0.5","2","2","0.5","1","1","1","1","1","1","1","1","1","1","0.5"
55,"1","0.5","0.5","2","2","0.5","1","1","1","1","1","1","1","1","1","1","0.5"
60,"1","0.5","0.5","2","2","0.5","1","1","1","1","1","1","1","1","1","1","0.5"
61,"1","0.5","0.5","2","2","0.5","1","1","1","1","1","1","1","1","1","1","0.5"
86,"1","0.5","0.5","2","2","0.5","1","1","1","1","1","1","1","1","1","1","0.5"
90,"1","0.5","0.5","2","2","0.5","1","1","1","1","1","1","1","1","1","1","0.5"
98,"1","0.5","0.5","2","2","0.5","1","1","1","1","1","1","1","1","1","1","0.5"
99,"1","0.5","0.5","2","2","0.5","1","1","1","1","1","1","1","1","1","1","0.5"
116,"1","0.5","0.5","2","2","0.5","1","1","1","1","1","1","1","1","1","1","0.5"
117,"1","0.5","0.5","2","2","0.5","1","1","1","1","1","1","1","1","1","1","0.5"
118,"1","0.5","0.5","2","2","0.5","1","1","1","1","1","1","1","1","1","1","0.5"
119,"1","0.5","0.5","2","2","0.5","1","1","1","1","1","1","1","1","1","1","0.5"
120,"1","0.5","0.5","2","2","0.5","1","1","1","1","1","1","1","1","1","1","0.5"
129,"1","0.5","0.5","2","2","0.5","1","1","1","1","1","1","1","1","1","1","0.5"
134,"1","0.5","0.5","2","2","0.5","1","1","1","1","1","1","1","1","1","1","0.5"
158,"1","0.5","0.5","2","2","0.5","1","1","1","1","1","1","1","1","1","1","0.5"
159,"1","0.5","0.5","2","2","0.5","1","1","1","1","1","1","1","1","1","1","0.5"
160,"1","0.5","0.5","2","2","0.5","1","1","1","1","1","1","1","1","1","1","0.5"
186,"1","0.5","0.5","2","2","0.5","1","1","1","1","1","1","1","1","1","1","0.5"
223,"1","0.5","0.5","2","2","0.5","1","1","1","1","1","1","1","1","1","1","0.5"
224,"1","0.5","0.5","2","2","0.5","1","1","1","1","1","1","1","1","1","1","0.5"
245,"1","0.5","0.5","2","2","0.5","1","1","1","1","1","1","1","1","1","1","0.5"
258,"1","0.5","0.5","2","2","0.5","1","1","1","1","1","1","1","1","1","1","0.5"
320,"1","0.5","0.5","2","2","0.5","1","1","1","1","1","1","1","1","1","1","0.5"
321,"1","0.5","0.5","2","2","0.5","1","1","1","1","1","1","1","1","1","1","0.5"
341,"1","0.5","0.5","2","2","0.5","1","1","1","1","1","1","1","1","1","1","0.5"
349,"1","0.5","0.5","2","2","0.5","1","1","1","1","1","1","1","1","1","1","0.5"
350,"1","0.5","0.5","2","2","0.5","1","1","1","1","1","1","1","1","1","1","0.5"
366,"1","0.5","0.5","2","2","0.5","1","1","1","1","1","1","1","1","1","1","0.5"
367,"1","0.5","0.5","2","2","0.5","1","1","1","1","1","1","1","1","1","1","0.5"
368,"1","0.5","0.5","2","2","0.5","1","1","1","1","1","1","1","1","1","1","0.5"
370,"1","0.5","0.5","2","2","0.5","1","1","1","1","1","1","1","1","1","1","0.5"
382,"1","0.5","0.5","2","2","0.5","1","1","1","1","1","1","1","1","1","1","0.5"
11,"1","2","1","1","0.5","1","0.5","1","0.5","2","1","1","2","1","1","1","1"
127,"1","2","1","1","0.5","1","0.5","1","0.5","2","1","1","2","1","1","1","1"
204,"1","2","1","1","0.5","1","0.5","1","0.5","2","1","1","2","1","1","1","1"
265,"1","2","1","1","0.5","1","0.5","1","0.5","2","1","1","2","1","1","1","1"
266,"1","2","1","1","0.5","1","0.5","1","0.5","2","1","1","2","1","1","1","1"
268,"1","2","1","1","0.5","1","0.5","1","0.5","2","1","1","2","1","1","1","1"
313,"1","2","1","1","0.5","1","0.5","1","0.5","2","1","1","2","1","1","1","1"
314,"1","2","1","1","0.5","1","0.5","1","0.5","2","1","1","2","1","1","1","1"
361,"1","2","1","2","0.5","0.5","2","1","1","1","1","1","2","1","1","1","2"
362,"1","2","1","2","0.5","0.5","2","1","1","1","1","1","2","1","1","1","2"
378,"1","2","1","2","0.5","0.5","2","1","1","1","1","1","2","1","1","1","2"
185,"0.5","0.5","2","1","2","1","2","0.5","2","0.5","1","1","1","1","1","1","2"
299,"0.5","0.5","2","1","2","1","2","0.5","2","0.5","1","1","1","1","1","1","2"
377,"0.5","0.5","2","1","2","1","2","0.5","2","0.5","1","1","1","1","1","1","2"
27,"1","1","1","0","2","2","1","0.5","1","2","1","1","0.5","1","1","1","1"
28,"1","1","1","0","2","2","1","0.5","1","2","1","1","0.5","1","1","1","1"
50,"1","1","1","0","2","2","1","0.5","1","2","1","1","0.5","1","1","1","1"
51,"1","1","1","0","2","2","1","0.5","1","2","1","1","0.5","1","1","1","1"
104,"1","1","1","0","2","2","1","0.5","1","2","1","1","0.5","1","1","1","1"
105,"1","1","1","0","2","2","1","0.5","1","2","1","1","0.5","1","1","1","1"
231,"1","1","1","0","2","2","1","0.5","1","2","1","1","0.5","1","1","1","1"
232,"1","1","1","0","2","2","1","0.5","1","2","1","1","0.5","1","1","1","1"
328,"1","1","1","0","2","2","1","0.5","1","2","1","1","0.5","1","1","1","1"
383,"1","1","1","0","2","2","1","0.5","1","2","1","1","0.5","1","1","1","1"
19,"1","1","1","1","1","1","2","1","1","1","1","1","1","0","1","1","1"
20,"1","1","1","1","1","1","2","1","1","1","1","1","1","0","1","1","1"
52,"1","1","1","1","1","1","2","1","1","1","1","1","1","0","1","1","1"
53,"1","1","1","1","1","1","2","1","1","1","1","1","1","0","1","1","1"
108,"1","1","1","1","1","1","2","1","1","1","1","1","1","0","1","1","1"
113,"1","1","1","1","1","1","2","1","1","1","1","1","1","0","1","1","1"
115,"1","1","1","1","1","1","2","1","1","1","1","1","1","0","1","1","1"
128,"1","1","1","1","1","1","2","1","1","1","1","1","1","0","1","1","1"
132,"1","1","1","1","1","1","2","1","1","1","1","1","1","0","1","1","1"
133,"1","1","1","1","1","1","2","1","1","1","1","1","1","0","1","1","1"
137,"1","1","1","1","1","1","2","1","1","1","1","1","1","0","1","1","1"
143,"1","1","1","1","1","1","2","1","1","1","1","1","1","0","1","1","1"
161,"1","1","1","1","1","1","2","1","1","1","1","1","1","0","1","1","1"
162,"1","1","1","1","1","1","2","1","1","1","1","1","1","0","1","1","1"
190,"1","1","1","1","1","1","2","1","1","1","1","1","1","0","1","1","1"
206,"1","1","1","1","1","1","2","1","1","1","1","1","1","0","1","1","1"
216,"1","1","1","1","1","1","2","1","1","1","1","1","1","0","1","1","1"
217,"1","1","1","1","1","1","2","1","1","1","1","1","1","0","1","1","1"
233,"1","1","1","1","1","1","2","1","1","1","1","1","1","0","1","1","1"
234,"1","1","1","1","1","1","2","1","1","1","1","1","1","0","1","1","1"
235,"1","1","1","1","1","1","2","1","1","1","1","1","1","0","1","1","1"
241,"1","1","1","1","1","1","2","1","1","1","1","1","1","0","1","1","1"
242,"1","1","1","1","1","1","2","1","1","1","1","1","1","0","1","1","1"
263,"1","1","1","1","1","1","2","1","1","1","1","1","1","0","1","1","1"
264,"1","1","1","1","1","1","2","1","1","1","1","1","1","0","1","1","1"
287,"1","1","1","1","1","1","2","1","1","1","1","1","1","0","1","1","1"
288,"1","1","1","1","1","1","2","1","1","1","1","1","1","0","1","1","1"
289,"1","1","1","1","1","1","2","1","1","1","1","1","1","0","1","1","1"
293,"1","1","1","1","1","1","2","1","1","1","1","1","1","0","1","1","1"
294,"1","1","1","1","1","1","2","1","1","1","1","1","1","0","1","1","1"
295,"1","1","1","1","1","1","2","1","1","1","1","1","1","0","1","1","1"
300,"1","1","1","1","1","1","2","1","1","1","1","1","1","0","1","1","1"
301,"1","1","1","1","1","1","2","1","1","1","1","1","1","0","1","1","1"
327,"1","1","1","1","1","1","2","1","1","1","1","1","1","0","1","1","1"
335,"1","1","1","1","1","1","2","1","1","1","1","1","1","0","1","1","1"
351,"1","1","1","1","1","1","2","1","1","1","1","1","1","0","1","1","1"
352,"1","1","1","1","1","1","2","1","1","1","1","1","1","0","1","1","1"
200,"0","1","1","1","1","1","0","0.5","1","1","1","0.5","1","2","1","2","1"
353,"0","1","1","1","1","1","0","0.5","1","1","1","0.5","1","2","1","2","1"
354,"0","1","1","1","1","1","0","0.5","1","1","1","0.5","1","2","1","2","1"
355,"0","1","1","1","1","1","0","0.5","1","1","1","0.5","1","2","1","2","1"
356,"0","1","1","1","1","1","0","0.5","1","1","1","0.5","1","2","1","2","1"
63,"1","1","1","1","1","1","0.5","1","1","1","0.5","2","1","2","1","2","1"
64,"1","1","1","1","1","1","0.5","1","1","1","0.5","2","1","2","1","2","1"
65,"1","1","1","1","1","1","0.5","1","1","1","0.5","2","1","2","1","2","1"
96,"1","1","1","1","1","1","0.5","1","1","1","0.5","2","1","2","1","2","1"
97,"1","1","1","1","1","1","0.5","1","1","1","0.5","2","1","2","1","2","1"
150,"1","1","1","1","1","1","0.5","1","1","1","0.5","2","1","2","1","2","1"
151,"1","1","1","1","1","1","0.5","1","1","1","0.5","2","1","2","1","2","1"
196,"1","1","1","1","1","1","0.5","1","1","1","0.5","2","1","2","1","2","1"
201,"1","1","1","1","1","1","0.5","1","1","1","0.5","2","1","2","1","2","1"
202,"1","1","1","1","1","1","0.5","1","1","1","0.5","2","1","2","1","2","1"
325,"1","1","1","1","1","1","0.5","1","1","1","0.5","2","1","2","1","2","1"
326,"1","1","1","1","1","1","0.5","1","1","1","0.5","2","1","2","1","2","1"
358,"1","1","1","1","1","1","0.5","1","1","1","0.5","2","1","2","1","2","1"
360,"1","1","1","1","1","1","0.5","1","1","1","0.5","2","1","2","1","2","1"
386,"1","1","1","1","1","1","0.5","1","1","1","0.5","2","1","2","1","2","1"
197,"1","1","1","1","1","1","2","1","1","1","0","2","1","0.5","1","0.5","1"
261,"1","1","1","1","1","1","2","1","1","1","0","2","1","0.5","1","0.5","1"
262,"1","1","1","1","1","1","2","1","1","1","0","2","1","0.5","1","0.5","1"
359,"1","1","1","1","1","1","2","1","1","1","0","2","1","0.5","1","0.5","1"
37,"1","0.5","2","1","0.5","0.5","1","1","2","1","1","0.5","2","1","1","1","0.5"
38,"1","0.5","2","1","0.5","0.5","1","1","2","1","1","0.5","2","1","1","1","0.5"
58,"1","0.5","2","1","0.5","0.5","1","1","2","1","1","0.5","2","1","1","1","0.5"
59,"1","0.5","2","1","0.5","0.5","1","1","2","1","1","0.5","2","1","1","1","0.5"
77,"1","0.5","2","1","0.5","0.5","1","1","2","1","1","0.5","2","1","1","1","0.5"
78,"1","0.5","2","1","0.5","0.5","1","1","2","1","1","0.5","2","1","1","1","0.5"
126,"1","0.5","2","1","0.5","0.5","1","1","2","1","1","0.5","2","1","1","1","0.5"
136,"1","0.5","2","1","0.5","0.5","1","1","2","1","1","0.5","2","1","1","1","0.5"
155,"1","0.5","2","1","0.5","0.5","1","1","2","1","1","0.5","2","1","1","1","0.5"
156,"1","0.5","2","1","0.5","0.5","1","1","2","1","1","0.5","2","1","1","1","0.5"
157,"1","0.5","2","1","0.5","0.5","1","1","2","1","1","0.5","2","1","1","1","0.5"
218,"1","0.5","2","1","0.5","0.5","1","1","2","1","1","0.5","2","1","1","1","0.5"
240,"1","0.5","2","1","0.5","0.5","1","1","2","1","1","0.5","2","1","1","1","0.5"
244,"1","0.5","2","1","0.5","0.5","1","1","2","1","1","0.5","2","1","1","1","0.5"
255,"1","0.5","2","1","0.5","0.5","1","1","2","1","1","0.5","2","1","1","1","0.5"
324,"1","0.5","2","1","0.5","0.5","1","1","2","1","1","0.5","2","1","1","1","0.5"
56,"1","1","1","1","1","1","1","1","1","2","2","0.5","0.5","1","1","0.5","1"
57,"1","1","1","1","1","1","1","1","1","2","2","0.5","0.5","1","1","0.5","1"
66,"1","1","1","1","1","1","1","1","1","2","2","0.5","0.5","1","1","0.5","1"
67,"1","1","1","1","1","1","1","1","1","2","2","0.5","0.5","1","1","0.5","1"
68,"1","1","1","1","1","1","1","1","1","2","2","0.5","0.5","1","1","0.5","1"
106,"1","1","1","1","1","1","1","1","1","2","2","0.5","0.5","1","1","0.5","1"
107,"1","1","1","1","1","1","1","1","1","2","2","0.5","0.5","1","1","0.5","1"
236,"1","1","1","1","1","1","1","1","1","2","2","0.5","0.5","1","1","0.5","1"
237,"1","1","1","1","1","1","1","1","1","2","2","0.5","0.5","1","1","0.5","1"
296,"1","1","1","1","1","1","1","1","1","2","2","0.5","0.5","1","1","0.5","1"
297,"1","1","1","1","1","1","1","1","1","2","2","0.5","0.5","1","1","0.5","1"
23,"1","1","1","1","0.5","1","0.5","0.5","2","1","2","0.5","1","1","1","1","1"
24,"1","1","1","1","0.5","1","0.5","0.5","2","1","2","0.5","1","1","1","1","1"
29,"1","1","1","1","0.5","1","0.5","0.5","2","1","2","0.5","1","1","1","1","1"
30,"1","1","1","1","0.5","1","0.5","0.5","2","1","2","0.5","1","1","1","1","1"
32,"1","1","1","1","0.5","1","0.5","0.5","2","1","2","0.5","1","1","1","1","1"
33,"1","1","1","1","0.5","1","0.5","0.5","2","1","2","0.5","1","1","1","1","1"
88,"1","1","1","1","0.5","1","0.5","0.5","2","1","2","0.5","1","1","1","1","1"
89,"1","1","1","1","0.5","1","0.5","0.5","2","1","2","0.5","1","1","1","1","1"
109,"1","1","1","1","0.5","1","0.5","0.5","2","1","2","0.5","1","1","1","1","1"
110,"1","1","1","1","0.5","1","0.5","0.5","2","1","2","0.5","1","1","1","1","1"
316,"1","1","1","1","0.5","1","0.5","0.5","2","1","2","0.5","1","1","1","1","1"
317,"1","1","1","1","0.5","1","0.5","0.5","2","1","2","0.5","1","1","1","1","1"
336,"1","1","1","1","0.5","1","0.5","0.5","2","1","2","0.5","1","1","1","1","1"
147,"1","0.5","0.5","0.5","0.5","2","1","1","1","1","1","1","1","1","2","1","1"
148,"1","0.5","0.5","0.5","0.5","2","1","1","1","1","1","1","1","1","2","1","1"
371,"1","0.5","0.5","0.5","0.5","2","1","1","1","1","1","1","1","1","2","1","1"
372,"1","0.5","0.5","0.5","0.5","2","1","1","1","1","1","1","1","1","2","1","1"
114,"1","2","0.5","0.5","0.5","2","1","2","0.5","2","1","2","1","1","1","1","1"
152,"1","2","0.5","0.5","0.5","2","1","2","0.5","2","1","2","1","1","1","1","1"
153,"1","2","0.5","0.5","0.5","2","1","2","0.5","2","1","2","1","1","1","1","1"
154,"1","2","0.5","0.5","0.5","2","1","2","0.5","2","1","2","1","1","1","1","1"
182,"1","2","0.5","0.5","0.5","2","1","2","0.5","2","1","2","1","1","1","1","1"
191,"1","2","0.5","0.5","0.5","2","1","2","0.5","2","1","2","1","1","1","1","1"
192,"1","2","0.5","0.5","0.5","2","1","2","0.5","2","1","2","1","1","1","1","1"
252,"1","2","0.5","0.5","0.5","2","1","2","0.5","2","1","2","1","1","1","1","1"
253,"1","2","0.5","0.5","0.5","2","1","2","0.5","2","1","2","1","1","1","1","1"
254,"1","2","0.5","0.5","0.5","2","1","2","0.5","2","1","2","1","1","1","1","1"
273,"1","2","0.5","0.5","0.5","2","1","2","0.5","2","1","2","1","1","1","1","1"
285,"1","2","0.5","0.5","0.5","2","1","2","0.5","2","1","2","1","1","1","1","1"
331,"1","2","0.5","0.5","0.5","2","1","2","0.5","2","1","2","1","1","1","1","1"
303,"0.5","2","1","1","0.5","0.5","2","0","2","0.5","0.5","0.5","0.5","0.5","0.5","0.5","0.5"
183,"1","0.5","0.5","2","2","0.5","1","1","1","1","1","1","1","1","1","1","0.5"
184,"1","0.5","0.5","2","2","0.5","1","1","1","1","1","1","1","1","1","1","0.5"
39,"1","1","1","1","1","1","2","1","1","1","1","1","1","0","1","1","1"
40,"1","1","1","1","1","1","2","1","1","1","1","1","1","0","1","1","1"
174,"1","1","1","1","1","1","2","1","1","1","1","1","1","0","1","1","1"
298,"1","1","1","1","1","1","2","1","1","1","1","1","1","0","1","1","1"
122,"1","1","1","1","1","1","0.5","1","1","1","0.5","2","1","2","1","2","1"
280,"1","1","1","1","1","1","0.5","1","1","1","0.5","2","1","2","1","2","1"
281,"1","1","1","1","1","1","0.5","1","1","1","0.5","2","1","2","1","2","1"
282,"1","1","1","1","1","1","0.5","1","1","1","0.5","2","1","2","1","2","1"
387,"1","2","0.5","0.5","0.5","2","1","2","0.5","2","1","2","1","1","1","1","1"
388,"1","2","0.5","0.5","0.5","2","1","2","0.5","2","1","2","1","1","1","1","1"
389,"1","2","0.5","0","1","4","1","1","0.5","4","1","2","0.5","1","1","1","1"
390,"1","0.5","2","1","0.5","0.5","1","1","2","1","1","0.5","2","1","1","1","0.5"
391,"1","0.5","2","1","0.5","0.5","1","1","2","2","2","0.25","1","1","1","0.5","0.5"
392,"1","0.5","2","1","0.5","0.5","1","1","2","2","2","0.25","1","1","1","0.5","0.5"
393,"1","0.5","0.5","2","2","0.5","1","1","1","1","1","1","1","1","1","1","0.5"
394,"1","0.5","0.5","2","2","0.5","1","1","1","1","1","1","1","1","1","1","0.5"
395,"0.5","1","0.5","2","1","0.25","2","0","2","0.5","0.5","0.5","0.5","0.5","0.5","0.5","0.25"
396,"1","1","1","2","0.5","2","1","1","0","1","1","0.5","2","0","1","1","1"
397,"1","1","1","2","0.5","2","1","1","0","1","1","0.5","2","0","1","1","1"
398,"1","1","1","2","0.5","2","1","1","0","1","1","0.5","2","0","1","1","1"
399,"1","1","1","1","1","1","2","1","1","1","1","1","1","0","1","1","1"
400,"1","0.5","0.5","2","2","0.5","2","1","1","1","1","1","1","0","1","1","0.5"
401,"1","2","1","1","0.5","1","0.5","1","0.5","2","1","1","2","1","1","1","1"
402,"1","2","1","1","0.5","1","0.5","1","0.5","2","1","1","2","1","1","1","1"
403,"1","1","1","0.5","1","1","1","1","2","0.5","1","1","1","1","1","1","0.5"
404,"1","1","1","0.5","1","1","1","1","2","0.5","1","1","1","1","1","1","0.5"
405,"1","1","1","0.5","1","1","1","1","2","0.5","1","1","1","1","1","1","0.5"
406,"1","2","0.5","0.5","0.25","2","0.5","1","1","2","2","1","1","1","1","1","1"
407,"1","2","0.5","0.5","0.25","2","0.5","1","1","2","2","1","1","1","1","1","1"
408,"0.5","0.5","2","1","2","1","2","0.5","2","0.5","1","1","1","1","1","1","2"
409,"0.5","0.5","2","1","2","1","2","0.5","2","0.5","1","1","1","1","1","1","2"
410,"0.25","1","2","1","1","0.5","4","0","4","0.25","0.5","0.5","0.5","0.5","0.5","0.5","1"
411,"0.25","1","2","1","1","0.5","4","0","4","0.25","0.5","0.5","0.5","0.5","0.5","0.5","1"
412,"1","2","1","1","0.5","1","0.5","1","0.5","2","1","1","2","1","1","1","1"
413,"1","4","0.5","0.5","0.25","2","0.5","2","0.25","4","1","2","2","1","1","1","1"
414,"1","2","1","2","0.25","2","0.25","1","0","2","1","0.5","4","1","1","1","1"
415,"1","2","1","2","0.25","2","0.25","1","0","2","1","0.5","4","1","1","1","1"
416,"1","2","1","2","0.25","2","0.25","1","0","2","1","0.5","4","1","1","1","1"
417,"1","1","1","0.5","1","1","1","1","2","0.5","1","1","1","1","1","1","0.5"
418,"1","0.5","0.5","2","2","0.5","1","1","1","1","1","1","1","1","1","1","0.5"
419,"1","0.5","0.5","2","2","0.5","1","1","1","1","1","1","1","1","1","1","0.5"
420,"1","2","0.5","0.5","0.5","2","1","2","0.5","2","1","2","1","1","1","1","1"
421,"1","2","0.5","0.5","0.5","2","1","2","0.5","2","1","2","1","1","1","1","1"
422,"1","0.5","0.5","2","2","0.5","1","1","1","1","1","1","1","1","1","1","0.5"
423,"1","0.5","0.5","0","4","1","1","0.5","1","2","1","1","0.5","1","1","1","0.5"
424,"1","1","1","1","1","1","2","1","1","1","1","1","1","0","1","1","1"
425,"0","1","1","2","0.5","2","0","0.5","0","1","1","0.25","2","2","1","2","1"
426,"0","1","1","2","0.5","2","0","0.5","0","1","1","0.25","2","2","1","2","1"
427,"1","1","1","1","1","1","2","1","1","1","1","1","1","0","1","1","1"
428,"1","1","1","1","1","1","2","1","1","1","1","1","1","0","1","1","1"
429,"0","1","1","1","1","1","0","0.5","1","1","1","0.5","1","2","1","2","1"
430,"1","1","1","2","0.5","2","1","1","0","1","0","1","2","0.5","1","0.5","1"
431,"1","1","1","1","1","1","2","1","1","1","1","1","1","0","1","1","1"
432,"1","1","1","1","1","1","2","1","1","1","1","1","1","0","1","1","1"
433,"1","1","1","1","1","1","0.5","1","1","1","0.5","2","1","2","1","2","1"
434,"1","1","1","1","0.5","1","1","0.5","2","1","0","1","1","0.5","1","0.5","1"
435,"1","1","1","1","0.5","1","1","0.5","2","1","0","1","1","0.5","1","0.5","1"
436,"0.5","2","1","1","0.5","0.5","1","0","2","0.5","0.25","1","0.5","1","0.5","1","0.5"
437,"0.5","2","1","1","0.5","0.5","1","0","2","0.5","0.25","1","0.5","1","0.5","1","0.5"
438,"0.5","0.5","2","1","2","1","2","0.5","2","0.5","1","1","1","1","1","1","2"
439,"1","1","1","1","1","1","0.5","1","1","1","0.5","2","1","2","1","2","1"
440,"1","1","1","1","1","1","2","1","1","1","1","1","1","0","1","1","1"
441,"1","1","1","2","0.5","2","1","1","0","1","1","0.5","2","0","1","1","1"
442,"0","1","1","1","1","1","0","0.5","1","1","0","1","1","1","1","1","1"
443,"1","0.5","0.5","0","1","4","1","0.5","1","2","1","1","0.5","1","2","1","1"
444,"1","0.5","0.5","0","1","4","1","0.5","1","2","1","1","0.5","1","2","1","1"
445,"1","0.5","0.5","0","1","4","1","0.5","1","2","1","1","0.5","1","2","1","1"
446,"1","1","1","1","1","1","2","1","1","1","1","1","1","0","1","1","1"
447,"1","1","1","1","1","1","1","1","1","2","2","0.5","0.5","1","1","0.5","1"
448,"0.5","2","1","1","0.5","0.5","2","0","2","1","1","0.25","0.25","0.5","0.5","0.25","0.5"
449,"1","1","1","0","2","2","1","0.5","1","2","1","1","0.5","1","1","1","1"
450,"1","1","1","0","2","2","1","0.5","1","2","1","1","0.5","1","1","1","1"
451,"1","2","1","1","0.25","1","0.25","0.5","1","2","2","0.5","2","1","1","1","1"
452,"1","1","1","1","0.5","1","1","0.5","2","1","0","1","1","0.5","1","0.5","1"
453,"1","1","1","1","0.5","1","0.5","0.5","2","2","4","0.25","0.5","1","1","0.5","1"
454,"1","1","1","1","0.5","1","0.5","0.5","2","2","4","0.25","0.5","1","1","0.5","1"
455,"1","2","0.5","0.5","0.5","2","1","2","0.5","2","1","2","1","1","1","1","1"
456,"1","0.5","0.5","2","2","0.5","1","1","1","1","1","1","1","1","1","1","0.5"
457,"1","0.5","0.5","2","2","0.5","1","1","1","1","1","1","1","1","1","1","0.5"
458,"1","0.5","0.5","4","1","1","0.5","1","0","1","1","0.5","2","1","1","1","0.5"
459,"1","4","0.5","1","0.25","1","2","2","0.5","2","1","2","2","1","1","1","2"
460,"1","4","0.5","1","0.25","1","2","2","0.5","2","1","2","2","1","1","1","2"
461,"1","2","1","2","0.5","0.5","4","1","1","1","0","2","2","0.5","1","0.5","2"
462,"0.5","2","1","0.5","0.5","0.5","2","0","4","0.25","0.5","0.5","0.5","0.5","0.5","0.5","0.25"
463,"1","1","1","1","1","1","2","1","1","1","1","1","1","0","1","1","1"
464,"0.5","0.5","2","0","4","2","2","0.25","2","1","1","1","0.5","1","1","1","2"
465,"1","2","0.5","0.5","0.5","2","1","2","0.5","2","1","2","1","1","1","1","1"
466,"1","1","1","0.5","1","1","1","1","2","0.5","1","1","1","1","1","1","0.5"
467,"1","0.5","2","1","0.5","0.5","1","1","2","1","1","0.5","2","1","1","1","0.5"
468,"1","1","1","2","0.5","2","0.5","1","0","1","1","0.5","2","1","1","1","1"
469,"1","2","1","2","0.25","2","0.25","1","0","2","1","0.5","4","1","1","1","1"
470,"1","2","0.5","0.5","0.5","2","1","2","0.5","2","1","2","1","1","1","1","1"
471,"1","2","1","2","0.5","0.5","2","1","1","1","1","1","2","1","1","1","2"
472,"1","1","1","0","1","4","0.5","0.5","0","2","1","0.5","1","1","1","1","1"
473,"1","2","1","0","1","1","2","0.5","1","2","1","1","1","1","1","1","2"
474,"1","1","1","1","1","1","2","1","1","1","1","1","1","0","1","1","1"
475,"1","1","1","1","1","1","0.5","1","1","2","1","1","0.5","2","1","1","1"
476,"0.25","1","2","1","1","0.5","4","0","4","0.25","0.5","0.5","0.5","0.5","0.5","0.5","1"
477,"0","1","1","1","1","1","0","0.5","1","1","1","0.5","1","2","1","2","1"
478,"0","2","1","2","0.5","0.5","0","0.5","1","1","1","0.5","2","2","1","2","2"
479,"0","1","1","0.5","1","1","0","0.5","2","0.5","1","0.5","1","2","1","2","0.5"
480,"1","1","1","1","1","1","0.5","1","1","1","0.5","2","1","2","1","2","1"
481,"1","1","1","1","1","1","0.5","1","1","1","0.5","2","1","2","1","2","1"
482,"1","1","1","1","1","1","0.5","1","1","1","0.5","2","1","2","1","2","1"
483,"0.5","1","0.5","0.5","0.25","1","2","0","2","0.5","0.5","0.5","0.5","0.5","1","0.5","0.5"
484,"1","0.25","0.25","1","1","1","1","1","1","1","1","1","1","1","2","1","0.5"
485,"0.5","1","2","1","0.25","0.25","2","0","4","0.5","0.5","0.25","1","0.5","0.5","0.5","0.25"
486,"1","1","1","1","1","1","2","1","1","1","1","1","1","0","1","1","1"
487,"0","0.5","0.5","0.5","0.5","2","0","0.5","1","1","1","0.5","1","2","2","2","1"
488,"1","1","1","1","1","1","0.5","1","1","1","0.5","2","1","2","1","2","1"
489,"1","0.5","0.5","2","2","0.5","1","1","1","1","1","1","1","1","1","1","0.5"
490,"1","0.5","0.5","2","2","0.5","1","1","1","1","1","1","1","1","1","1","0.5"
491,"1","1","1","1","1","1","2","1","1","1","0","2","1","0.5","1","0.5","1"
492,"1","2","0.5","0.5","0.5","2","1","2","0.5","2","1","2","1","1","1","1","1"
493,"1","1","1","1","1","1","2","1","1","1","1","1","1","0","1","1","1"
494,"1","0.5","2","1","0.5","0.5","0.5","1","2","1","0.5","1","2","2","1","2","0.5"
495,"1","2","0.5","0.5","0.5","2","1","2","0.5","2","1","2","1","1","1","1","1"
496,"1","2","0.5","0.5","0.5","2","1","2","0.5","2","1","2","1","1","1","1","1"
497,"1","2","0.5","0.5","0.5","2","1","2","0.5","2","1","2","1","1","1","1","1"
498,"1","0.5","2","1","0.5","0.5","1","1","2","1","1","0.5","2","1","1","1","0.5"
499,"1","0.5","2","1","0.5","0.5","1","1","2","2","2","0.25","1","1","1","0.5","0.5"
500,"1","0.5","2","1","0.5","0.5","1","1","2","2","2","0.25","1","1","1","0.5","0.5"
501,"1","0.5","0.5","2","2","0.5","1","1","1","1","1","1","1","1","1","1","0.5"
502,"1","0.5","0.5","2","2","0.5","1","1","1","1","1","1","1","1","1","1","0.5"
503,"1","0.5","0.5","2","2","0.5","1","1","1","1","1","1","1","1","1","1","0.5"
504,"1","1","1","1","1","1","2","1","1","1","1","1","1","0","1","1","1"
505,"1","1","1","1","1","1","2","1","1","1","1","1","1","0","1","1","1"
506,"1","1","1","1","1","1","2","1","1","1","1","1","1","0","1","1","1"
507,"1","1","1","1","1","1","2","1","1","1","1","1","1","0","1","1","1"
508,"1","1","1","1","1","1","2","1","1","1","1","1","1","0","1","1","1"
509,"1","1","1","1","1","1","2","1","1","1","0","2","1","0.5","1","0.5","1"
510,"1","1","1","1","1","1","2","1","1","1","0","2","1","0.5","1","0.5","1"
511,"1","2","0.5","0.5","0.5","2","1","2","0.5","2","1","2","1","1","1","1","1"
512,"1","2","0.5","0.5","0.5","2","1","2","0.5","2","1","2","1","1","1","1","1"
513,"1","0.5","2","1","0.5","0.5","1","1","2","1","1","0.5","2","1","1","1","0.5"
514,"1","0.5","2","1","0.5","0.5","1","1","2","1","1","0.5","2","1","1","1","0.5"
515,"1","0.5","0.5","2","2","0.5","1","1","1","1","1","1","1","1","1","1","0.5"
516,"1","0.5","0.5","2","2","0.5","1","1","1","1","1","1","1","1","1","1","0.5"
517,"1","1","1","1","1","1","0.5","1","1","1","0.5","2","1","2","1","2","1"
518,"1","1","1","1","1","1","0.5","1","1","1","0.5","2","1","2","1","2","1"
519,"1","1","1","2","0.5","2","1","1","0","1","1","0.5","2","0","1","1","1"
520,"1","1","1","2","0.5","2","1","1","0","1","1","0.5","2","0","1","1","1"
521,"1","1","1","2","0.5","2","1","1","0","1","1","0.5","2","0","1","1","1"
522,"1","1","1","0.5","1","1","1","1","2","0.5","1","1","1","1","1","1","0.5"
523,"1","1","1","0.5","1","1","1","1","2","0.5","1","1","1","1","1","1","0.5"
524,"0.5","0.5","2","1","2","1","2","0.5","2","0.5","1","1","1","1","1","1","2"
525,"0.5","0.5","2","1","2","1","2","0.5","2","0.5","1","1","1","1","1","1","2"
526,"0.5","0.5","2","1","2","1","2","0.5","2","0.5","1","1","1","1","1","1","2"
527,"1","1","1","2","0.5","2","0.25","1","0","1","0.5","1","2","2","1","2","1"
528,"1","1","1","2","0.5","2","0.25","1","0","1","0.5","1","2","2","1","2","1"
529,"1","1","1","0","2","2","1","0.5","1","2","1","1","0.5","1","1","1","1"
530,"0.5","2","1","0","1","1","2","0","2","1","0.5","0.5","0.25","0.5","0.5","0.5","0.5"
531,"1","1","1","1","1","1","2","1","1","1","1","1","1","0","1","1","1"
532,"1","1","1","1","1","1","1","1","1","2","2","0.5","0.5","1","1","0.5","1"
533,"1","1","1","1","1","1","1","1","1","2","2","0.5","0.5","1","1","0.5","1"
534,"1","1","1","1","1","1","1","1","1","2","2","0.5","0.5","1","1","0.5","1"
535,"1","0.5","0.5","2","2","0.5","1","1","1","1","1","1","1","1","1","1","0.5"
536,"1","0.5","0.5","0","4","1","1","0.5","1","2","1","1","0.5","1","1","1","0.5"
537,"1","0.5","0.5","0","4","1","1","0.5","1","2","1","1","0.5","1","1","1","0.5"
538,"1","1","1","1","1","1","1","1","1","2","2","0.5","0.5","1","1","0.5","1"
539,"1","1","1","1","1","1","1","1","1","2","2","0.5","0.5","1","1","0.5","1"
540,"1","4","0.5","0.5","0.25","2","0.5","2","0.25","4","1","2","2","1","1","1","1"
541,"1","4","0.5","0.5","0.25","2","0.5","2","0.25","4","1","2","2","1","1","1","1"
542,"1","4","0.5","0.5","0.25","2","0.5","2","0.25","4","1","2","2","1","1","1","1"
543,"1","2","1","1","0.25","1","0.25","0.5","1","2","2","0.5","2","1","1","1","1"
544,"1","2","1","1","0.25","1","0.25","0.5","1","2","2","0.5","2","1","1","1","1"
545,"1","2","1","1","0.25","1","0.25","0.5","1","2","2","0.5","2","1","1","1","1"
546,"1","2","0.5","0.5","0.5","2","1","2","0.5","2","1","2","1","1","1","1","1"
547,"1","2","0.5","0.5","0.5","2","1","2","0.5","2","1","2","1","1","1","1","1"
548,"1","2","0.5","0.5","0.5","2","1","2","0.5","2","1","2","1","1","1","1","1"
549,"1","2","0.5","0.5","0.5","2","1","2","0.5","2","1","2","1","1","1","1","1"
550,"1","0.5","0.5","2","2","0.5","1","1","1","1","1","1","1","1","1","1","0.5"
551,"1","1","1","0","2","2","2","0.5","1","2","0","2","0.5","0.5","1","0.5","1"
552,"1","1","1","0","2","2","2","0.5","1","2","0","2","0.5","0.5","1","0.5","1"
553,"1","1","1","0","2","2","2","0.5","1","2","0","2","0.5","0.5","1","0.5","1"
554,"1","0.5","2","1","0.5","0.5","1","1","2","1","1","0.5","2","1","1","1","0.5"
555,"1","0.5","2","1","0.5","0.5","1","1","2","1","1","0.5","2","1","1","1","0.5"
556,"1","2","0.5","0.5","0.5","2","1","2","0.5","2","1","2","1","1","1","1","1"
557,"0.5","1","2","1","1","1","1","0.5","1","1","1","1","2","1","1","1","2"
558,"0.5","1","2","1","1","1","1","0.5","1","1","1","1","2","1","1","1","2"
559,"1","1","1","1","1","1","2","1","1","2","0","1","0.5","0.5","1","0.25","1"
560,"1","1","1","1","1","1","2","1","1","2","0","1","0.5","0.5","1","0.25","1"
561,"1","1","1","2","0.5","2","0.25","1","0","1","0.5","1","2","2","1","2","1"
562,"0","1","1","1","1","1","0","0.5","1","1","1","0.5","1","2","1","2","1"
563,"0","1","1","1","1","1","0","0.5","1","1","1","0.5","1","2","1","2","1"
564,"0.5","0.25","1","2","4","0.5","2","0.5","2","0.5","1","1","1","1","1","1","1"
565,"0.5","0.25","1","2","4","0.5","2","0.5","2","0.5","1","1","1","1","1","1","1"
566,"0.5","0.5","2","2","1","2","1","0.5","0","0.5","1","0.5","2","1","1","1","2"
567,"0.5","0.5","2","2","1","2","1","0.5","0","0.5","1","0.5","2","1","1","1","2"
568,"1","1","1","1","0.5","1","0.5","0.5","2","1","2","0.5","1","1","1","1","1"
569,"1","1","1","1","0.5","1","0.5","0.5","2","1","2","0.5","1","1","1","1","1"
570,"1","1","1","1","1","1","2","1","1","1","0","2","1","0.5","1","0.5","1"
571,"1","1","1","1","1","1","2","1","1","1","0","2","1","0.5","1","0.5","1"
572,"1","1","1","1","1","1","2","1","1","1","1","1","1","0","1","1","1"
573,"1","1","1","1","1","1","2","1","1","1","1","1","1","0","1","1","1"
574,"1","1","1","1","1","1","0.5","1","1","1","0.5","2","1","2","1","2","1"
575,"1","1","1","1","1","1","0.5","1","1","1","0.5","2","1","2","1","2","1"
576,"1","1","1","1","1","1","0.5","1","1","1","0.5","2","1","2","1","2","1"
577,"1","1","1","1","1","1","0.5","1","1","1","0.5","2","1","2","1","2","1"
578,"1","1","1","1","1","1","0.5","1","1","1","0.5","2","1","2","1","2","1"
579,"1","1","1","1","1","1","0.5","1","1","1","0.5","2","1","2","1","2","1"
580,"1","0.5","0.5","4","1","1","0.5","1","0","1","1","0.5","2","1","1","1","0.5"
581,"1","0.5","0.5","4","1","1","0.5","1","0","1","1","0.5","2","1","1","1","0.5"
582,"1","2","1","2","0.5","0.5","2","1","1","1","1","1","2","1","1","1","2"
583,"1","2","1","2","0.5","0.5","2","1","1","1","1","1","2","1","1","1","2"
584,"1","2","1","2","0.5","0.5","2","1","1","1","1","1","2","1","1","1","2"
585,"1","2","0.5","0.5","0.5","2","2","2","0.5","2","1","2","1","0","1","1","1"
586,"1","2","0.5","0.5","0.5","2","2","2","0.5","2","1","2","1","0","1","1","1"
587,"1","1","1","1","0.5","2","0.5","1","0","0.5","1","0.5","2","1","1","1","0.5"
588,"1","2","1","1","0.5","1","0.5","1","0.5","2","1","1","2","1","1","1","1"
589,"0.5","4","1","1","0.25","0.5","1","0","1","1","0.5","0.5","1","0.5","0.5","0.5","0.5"
590,"1","2","0.5","0.5","0.25","2","0.5","1","1","2","2","1","1","1","1","1","1"
591,"1","2","0.5","0.5","0.25","2","0.5","1","1","2","2","1","1","1","1","1","1"
592,"0","0.5","0.5","2","2","0.5","0","0.5","1","1","1","0.5","1","2","1","2","0.5"
593,"0","0.5","0.5","2","2","0.5","0","0.5","1","1","1","0.5","1","2","1","2","0.5"
594,"1","0.5","0.5","2","2","0.5","1","1","1","1","1","1","1","1","1","1","0.5"
595,"1","2","1","0.5","0.5","1","0.5","1","1","1","1","1","2","1","1","1","0.5"
596,"1","2","1","0.5","0.5","1","0.5","1","1","1","1","1","2","1","1","1","0.5"
597,"0.5","4","0.5","0.5","0.25","1","2","0","1","1","0.5","1","0.5","0.5","0.5","0.5","0.5"
598,"0.5","4","0.5","0.5","0.25","1","2","0","1","1","0.5","1","0.5","0.5","0.5","0.5","0.5"
599,"0.5","2","1","1","0.5","0.5","2","0","2","0.5","0.5","0.5","0.5","0.5","0.5","0.5","0.5"
600,"0.5","2","1","1","0.5","0.5","2","0","2","0.5","0.5","0.5","0.5","0.5","0.5","0.5","0.5"
601,"0.5","2","1","1","0.5","0.5","2","0","2","0.5","0.5","0.5","0.5","0.5","0.5","0.5","0.5"
602,"1","1","1","0.5","1","1","1","1","2","0.5","1","1","1","1","1","1","0.5"
603,"1","1","1","0.5","1","1","1","1","2","0.5","1","1","1","1","1","1","0.5"
604,"1","1","1","0.5","1","1","1","1","2","0.5","1","1","1","1","1","1","0.5"
605,"1","1","1","1","1","1","0.5","1","1","1","0.5","2","1","2","1","2","1"
606,"1","1","1","1","1","1","0.5","1","1","1","0.5","2","1","2","1","2","1"
607,"0","0.5","2","1","0.5","0.5","0","0.5","2","1","1","0.25","2","2","1","2","0.5"
608,"0","0.5","2","1","0.5","0.5","0","0.5","2","1","1","0.25","2","2","1","2","0.5"
609,"0","0.5","2","1","0.5","0.5","0","0.5","2","1","1","0.25","2","2","1","2","0.5"
610,"1","0.5","0.5","0.5","0.5","2","1","1","1","1","1","1","1","1","2","1","1"
611,"1","0.5","0.5","0.5","0.5","2","1","1","1","1","1","1","1","1","2","1","1"
612,"1","0.5","0.5","0.5","0.5","2","1","1","1","1","1","1","1","1","2","1","1"
613,"1","2","1","2","0.5","0.5","2","1","1","1","1","1","2","1","1","1","2"
614,"1","2","1","2","0.5","0.5","2","1","1","1","1","1","2","1","1","1","2"
615,"1","2","1","2","0.5","0.5","2","1","1","1","1","1","2","1","1","1","2"
616,"1","2","1","1","0.5","1","0.5","1","0.5","2","1","1","2","1","1","1","1"
617,"1","2","1","1","0.5","1","0.5","1","0.5","2","1","1","2","1","1","1","1"
618,"1","1","1","0","2","2","1","0.5","2","1","1","1","0.5","1","1","1","0.5"
619,"1","1","1","1","1","1","1","1","1","2","2","0.5","0.5","1","1","0.5","1"
620,"1","1","1","1","1","1","1","1","1","2","2","0.5","0.5","1","1","0.5","1"
621,"1","0.5","0.5","0.5","0.5","2","1","1","1","1","1","1","1","1","2","1","1"
622,"0","1","1","0","2","2","0","0.25","1","2","1","0.5","0.5","2","1","2","1"
623,"0","1","1","0","2","2","0","0.25","1","2","1","0.5","0.5","2","1","2","1"
624,"0.5","2","1","1","0.5","0.5","4","0","2","0.5","0","1","0.5","0.25","0.5","0.25","0.5"
625,"0.5","2","1","1","0.5","0.5","4","0","2","0.5","0","1","0.5","0.25","0.5","0.25","0.5"
626,"1","1","1","1","1","1","2","1","1","1","1","1","1","0","1","1","1"
627,"1","1","1","2","0.5","2","1","1","0","1","1","0.5","2","0","1","1","1"
628,"1","1","1","2","0.5","2","1","1","0","1","1","0.5","2","0","1","1","1"
629,"1","1","1","2","0.5","2","1","1","0","1","0","1","2","0.5","1","0.5","1"
630,"1","1","1","2","0.5","2","1","1","0","1","0","1","2","0.5","1","0.5","1"
631,"1","0.5","2","1","0.5","0.5","1","1","2","1","1","0.5","2","1","1","1","0.5"
632,"0.5","4","1","1","0.25","0.5","1","0","1","1","0.5","0.5","1","0.5","0.5","0.5","0.5"
633,"1","0.5","0.5","0.5","0.5","2","2","1","1","1","0","2","1","0.5","2","0.5","1"
634,"1","0.5","0.5","0.5","0.5","2","2","1","1","1","0","2","1","0.5","2","0.5","1"
635,"1","0.5","0.5","0.5","0.5","2","2","1","1","1","0","2","1","0.5","2","0.5","1"
636,"1","1","2","1","0.25","0.5","0.5","1","1","2","1","0.5","4","1","1","1","0.5"
637,"1","1","2","1","0.25","0.5","0.5","1","1","2","1","0.5","4","1","1","1","0.5"
638,"0.5","2","1","1","0.5","0.5","2","0","2","1","1","0.25","0.25","0.5","0.5","0.25","0.5"
639,"0.5","0.5","2","1","2","1","2","0.5","2","1","2","0.5","0.5","1","1","0.5","2"
640,"1","2","0.5","0.5","0.5","2","1","2","0.5","4","2","1","0.5","1","1","0.5","1"
641,"1","1","1","2","0.5","2","0.5","1","0","1","1","0.5","2","1","1","1","1"
642,"1","1","1","1","0.5","2","0.5","1","0","0.5","1","0.5","2","1","1","1","0.5"
643,"1","0.25","1","0.5","0.25","1","1","1","2","1","1","0.5","2","1","2","1","0.5"
644,"1","0.5","0.5","0.25","0.5","2","1","1","2","0.5","1","1","1","1","2","1","0.5"
645,"1","1","1","0","1","4","0.5","0.5","0","2","1","0.5","1","1","1","1","1"
646,"1","1","0.5","1","0.25","1","2","1","1","1","1","1","2","1","2","1","2"
647,"1","0.5","0.5","2","2","0.5","1","1","1","2","2","0.5","0.5","1","1","0.5","0.5"
648,"1","1","1","1","1","1","1","1","1","1","0.5","2","1","0","1","2","1"
649,"0.5","4","1","1","0.25","0.5","1","0","1","1","0.5","0.5","1","0.5","0.5","0.5","0.5"
