pokemon_id,name,type_1,type_2,hp,attack,defense,special_attack,special_defense,speed,weight_lb,height_in,generation
1,Bulbasaur,Grass,Poison,45,49,49,65,65,45,15,28,1
2,Ivysaur,Grass,Poison,60,62,63,80,80,60,29,39,1
3,Venusaur,Grass,Poison,80,82,83,100,100,80,220,79,1
4,Charmander,Fire,,39,52,43,60,50,65,19,24,1
5,Charmeleon,Fire,,58,64,58,80,65,80,42,43,1
6,Charizard,Fire,Flying,78,84,78,109,85,100,199,67,1
7,Squirtle,Water,,44,48,65,50,64,43,20,20,1
8,Wartortle,Water,,59,63,80,65,80,58,50,39,1
9,Blastoise,Water,,79,83,100,85,105,78,188,63,1
10,Caterpie,Bug,,45,30,35,20,20,45,6,12,1
11,Metapod,Bug,,50,20,55,25,25,30,22,28,1
12,Butterfree,Bug,Flying,60,45,50,90,80,70,70,43,1
13,Weedle,Bug,Poison,40,35,30,20,20,50,7,12,1
14,Kakuna,Bug,Poison,45,25,50,25,25,35,22,24,1
15,Beedrill,Bug,Poison,65,90,40,45,80,75,65,39,1
16,Pidgey,Normal,Flying,40,45,40,35,35,56,4,12,1
17,Pidgeotto,Normal,Flying,63,60,55,50,50,71,66,43,1
18,Pidgeot,Normal,Flying,83,80,75,70,70,101,87,59,1
19,Rattata,Normal,,30,56,35,25,35,72,8,12,1
20,Raticate,Normal,,55,81,60,50,70,97,41,28,1
21,Spearow,Normal,Flying,40,60,30,31,31,70,4,12,1
22,Fearow,Normal,Flying,65,90,65,61,61,100,84,47,1
23,Ekans,Poison,,35,60,44,40,54,55,15,79,1
24,Arbok,Poison,,60,95,69,65,79,80,143,138,1
25,Pikachu,Electric,,35,55,40,50,50,90,13,16,1
26,Raichu,Electric,,60,90,55,90,80,110,66,31,1
27,Sandshrew,Ground,,50,75,85,20,30,40,26,24,1
28,Sandslash,Ground,,75,100,110,45,55,65,65,39,1
29,Nidoran-f,Poison,,55,47,52,40,40,41,15,16,1
30,Nidorina,Poison,,70,62,67,55,55,56,44,31,1
31,Nidoqueen,Poison,Ground,90,92,87,75,85,76,132,51,1
32,Nidoran-m,Poison,,46,57,40,40,40,50,20,20,1
33,Nidorino,Poison,,61,72,57,55,55,65,43,35,1
34,Nidoking,Poison,Ground,81,102,77,85,75,85,136,55,1
35,Clefairy,Fairy,,70,45,48,60,65,35,16,24,1
36,Clefable,Fairy,,95,70,73,95,90,60,88,51,1
37,Vulpix,Fire,,38,41,40,50,65,65,22,24,1
38,Ninetales,Fire,,73,76,75,81,100,100,44,43,1
39,Jigglypuff,Normal,Fairy,115,45,20,45,25,20,12,20,1
40,Wigglytuff,Normal,Fairy,140,70,45,85,50,45,26,39,1
41,Zubat,Poison,Flying,40,45,35,30,40,55,16,31,1
42,Golbat,Poison,Flying,75,80,70,65,75,90,121,63,1
43,Oddish,Grass,Poison,45,50,55,75,65,30,12,20,1
44,Gloom,Grass,Poison,60,65,70,85,75,40,19,31,1
45,Vileplume,Grass,Poison,75,80,85,110,90,50,41,47,1
46,Paras,Bug,Grass,35,70,55,45,55,25,12,12,1
47,Parasect,Bug,Grass,60,95,80,60,80,30,65,39,1
48,Venonat,Bug,Poison,60,55,50,40,55,45,66,39,1
49,Venomoth,Bug,Poison,70,65,60,90,75,90,28,59,1
50,Diglett,Ground,,10,55,25,35,45,95,2,8,1
51,Dugtrio,Ground,,35,100,50,50,70,120,73,28,1
52,Meowth,Normal,,40,45,35,40,40,90,9,16,1
53,Persian,Normal,,65,70,60,65,65,115,70,39,1
54,Psyduck,Water,,50,52,48,65,50,55,43,31,1
55,Golduck,Water,,80,82,78,95,80,85,169,67,1
56,Mankey,Fighting,,40,80,35,35,45,70,62,20,1
57,Primeape,Fighting,,65,105,60,60,70,95,70,39,1
58,Growlithe,Fire,,55,70,45,70,50,60,42,28,1
59,Arcanine,Fire,,90,110,80,100,80,95,341,75,1
60,Poliwag,Water,,40,50,40,40,40,90,27,24,1
61,Poliwhirl,Water,,65,65,65,50,50,90,44,39,1
62,Poliwrath,Water,Fighting,90,95,95,70,90,70,119,51,1
63,Abra,Psychic,,25,20,15,105,55,90,43,35,1
64,Kadabra,Psychic,,40,35,30,120,70,105,124,51,1
65,Alakazam,Psychic,,55,50,45,135,95,120,106,59,1
66,Machop,Fighting,,70,80,50,35,35,35,43,31,1
67,Machoke,Fighting,,80,100,70,50,60,45,155,59,1
68,Machamp,Fighting,,90,130,80,65,85,55,286,63,1
69,Bellsprout,Grass,Poison,50,75,35,70,30,40,9,28,1
70,Weepinbell,Grass,Poison,65,90,50,85,45,55,14,39,1
71,Victreebel,Grass,Poison,80,105,65,100,70,70,34,67,1
72,Tentacool,Water,Poison,40,40,35,50,100,70,100,35,1
73,Tentacruel,Water,Poison,80,70,65,80,120,100,121,63,1
74,Geodude,Rock,Ground,40,80,100,30,30,20,44,16,1
75,Graveler,Rock,Ground,55,95,115,45,45,35,231,39,1
76,Golem,Rock,Ground,80,120,130,55,65,45,660,55,1
77,Ponyta,Fire,,50,85,55,65,65,90,66,39,1
78,Rapidash,Fire,,65,100,70,80,80,105,209,67,1
79,Slowpoke,Water,Psychic,90,65,65,40,40,15,79,47,1
80,Slowbro,Water,Psychic,95,75,110,100,80,30,173,63,1
81,Magnemite,Electric,Steel,25,35,70,95,55,45,13,12,1
82,Magneton,Electric,Steel,50,60,95,120,70,70,132,39,1
83,Farfetchd,Normal,Flying,52,90,55,58,62,60,33,31,1
84,Doduo,Normal,Flying,35,85,45,35,35,75,86,55,1
85,Dodrio,Normal,Flying,60,110,70,60,60,110,187,71,1
86,Seel,Water,,65,45,55,45,70,45,198,43,1
87,Dewgong,Water,Ice,90,70,80,70,95,70,264,67,1
88,Grimer,Poison,,80,80,50,40,50,25,66,35,1
89,Muk,Poison,,105,105,75,65,100,50,66,47,1
90,Shellder,Water,,30,65,100,45,25,40,9,12,1
91,Cloyster,Water,Ice,50,95,180,85,45,70,292,59,1
92,Gastly,Ghost,Poison,30,35,30,100,35,80,0,51,1
93,Haunter,Ghost,Poison,45,50,45,115,55,95,0,63,1
94,Gengar,Ghost,Poison,60,65,60,130,75,110,89,59,1
95,Onix,Rock,Ground,35,45,160,30,45,70,462,346,1
96,Drowzee,Psychic,,60,48,45,43,90,42,71,39,1
97,Hypno,Psychic,,85,73,70,73,115,67,166,63,1
98,Krabby,Water,,30,105,90,25,25,50,14,16,1
99,Kingler,Water,,55,130,115,50,50,75,132,51,1
100,Voltorb,Electric,,40,30,50,55,55,100,23,20,1
101,Electrode,Electric,,60,50,70,80,80,150,147,47,1
102,Exeggcute,Grass,Psychic,60,40,80,60,45,40,6,16,1
103,Exeggutor,Grass,Psychic,95,95,85,125,75,55,264,79,1
104,Cubone,Ground,,50,50,95,40,50,35,14,16,1
105,Marowak,Ground,,60,80,110,50,80,45,99,39,1
106,Hitmonlee,Fighting,,50,120,53,35,110,87,110,59,1
107,Hitmonchan,Fighting,,50,105,79,35,110,76,110,55,1
108,Lickitung,Normal,,90,55,75,60,75,30,144,47,1
109,Koffing,Poison,,40,65,95,60,45,35,2,24,1
110,Weezing,Poison,,65,90,120,85,70,60,21,47,1
111,Rhyhorn,Ground,Rock,80,85,95,30,30,25,253,39,1
112,Rhydon,Ground,Rock,105,130,120,45,45,40,264,75,1
113,Chansey,Normal,,250,5,5,35,105,50,76,43,1
114,Tangela,Grass,,65,55,115,100,40,60,77,39,1
115,Kangaskhan,Normal,,105,95,80,40,80,90,176,87,1
116,Horsea,Water,,30,40,70,70,25,60,18,16,1
117,Seadra,Water,,55,65,95,95,45,85,55,47,1
118,Goldeen,Water,,45,67,60,35,50,63,33,24,1
119,Seaking,Water,,80,92,65,65,80,68,86,51,1
120,Staryu,Water,,30,45,55,70,55,85,76,31,1
121,Starmie,Water,Psychic,60,75,85,100,85,115,176,43,1
122,Mr-mime,Psychic,Fairy,40,45,65,100,120,90,120,51,1
123,Scyther,Bug,Flying,70,110,80,55,80,105,123,59,1
124,Jynx,Ice,Psychic,65,50,35,115,95,95,89,55,1
125,Electabuzz,Electric,,65,83,57,95,85,105,66,43,1
126,Magmar,Fire,,65,95,57,100,85,93,98,51,1
127,Pinsir,Bug,,65,125,100,55,70,85,121,59,1
128,Tauros,Normal,,75,100,95,40,70,110,194,55,1
129,Magikarp,Water,,20,10,55,15,20,80,22,35,1
130,Gyarados,Water,Flying,95,125,79,60,100,81,517,256,1
131,Lapras,Water,Ice,130,85,80,85,95,60,484,98,1
132,Ditto,Normal,,48,48,48,48,48,48,9,12,1
133,Eevee,Normal,,55,55,50,45,65,55,14,12,1
134,Vaporeon,Water,,130,65,60,110,95,65,64,39,1
135,Jolteon,Electric,,65,65,60,110,95,130,54,31,1
136,Flareon,Fire,,65,130,60,95,110,65,55,35,1
137,Porygon,Normal,,65,60,70,85,75,40,80,31,1
138,Omanyte,Rock,Water,35,40,100,90,55,35,16,16,1
139,Omastar,Rock,Water,70,60,125,115,70,55,77,39,1
140,Kabuto,Rock,Water,30,80,90,55,45,55,25,20,1
141,Kabutops,Rock,Water,60,115,105,65,70,80,89,51,1
142,Aerodactyl,Rock,Flying,80,105,65,60,75,130,130,71,1
143,Snorlax,Normal,,160,110,65,65,110,30,1012,83,1
144,Articuno,Ice,Flying,90,85,100,95,125,85,122,67,1
145,Zapdos,Electric,Flying,90,90,85,125,90,100,116,63,1
146,Moltres,Fire,Flying,90,100,90,125,85,90,132,79,1
147,Dratini,Dragon,,41,64,45,50,50,50,7,71,1
148,Dragonair,Dragon,,61,84,65,70,70,70,36,157,1
149,Dragonite,Dragon,Flying,91,134,95,100,100,80,462,87,1
150,Mewtwo,Psychic,,106,110,90,154,90,130,268,79,1
151,Mew,Psychic,,100,100,100,100,100,100,9,16,1
152,Chikorita,Grass,,45,49,65,49,65,45,14,35,2
153,Bayleef,Grass,,60,62,80,63,80,60,35,47,2
154,Meganium,Grass,,80,82,100,83,100,80,221,71,2
155,Cyndaquil,Fire,,39,52,43,60,50,65,17,20,2
156,Quilava,Fire,,58,64,58,80,65,80,42,35,2
157,Typhlosion,Fire,,78,84,78,109,85,100,175,67,2
158,Totodile,Water,,50,65,64,44,48,43,21,24,2
159,Croconaw,Water,,65,80,80,59,63,58,55,43,2
160,Feraligatr,Water,,85,105,100,79,83,78,195,91,2
161,Sentret,Normal,,35,46,34,35,45,20,13,31,2
162,Furret,Normal,,85,76,64,45,55,90,72,71,2
163,Hoothoot,Normal,Flying,60,30,30,36,56,50,47,28,2
164,Noctowl,Normal,Flying,100,50,50,86,96,70,90,63,2
165,Ledyba,Bug,Flying,40,20,30,40,80,55,24,39,2
166,Ledian,Bug,Flying,55,35,50,55,110,85,78,55,2
167,Spinarak,Bug,Poison,40,60,40,40,40,30,19,20,2
168,Ariados,Bug,Poison,70,90,70,60,70,40,74,43,2
169,Crobat,Poison,Flying,85,90,80,70,80,130,165,71,2
170,Chinchou,Water,Electric,75,38,38,56,56,67,26,20,2
171,Lanturn,Water,Electric,125,58,58,76,76,67,50,47,2
172,Pichu,Electric,,20,40,15,35,35,60,4,12,2
173,Cleffa,Fairy,,50,25,28,45,55,15,7,12,2
174,Igglybuff,Normal,Fairy,90,30,15,40,20,15,2,12,2
175,Togepi,Fairy,,35,20,65,40,65,20,3,12,2
176,Togetic,Fairy,Flying,55,40,85,80,105,40,7,24,2
177,Natu,Psychic,Flying,40,50,45,70,45,70,4,8,2
178,Xatu,Psychic,Flying,65,75,70,95,70,95,33,59,2
179,Mareep,Electric,,55,40,40,65,45,35,17,24,2
180,Flaaffy,Electric,,70,55,55,80,60,45,29,31,2
181,Ampharos,Electric,,90,75,85,115,90,55,135,55,2
182,Bellossom,Grass,,75,80,95,90,100,50,13,16,2
183,Marill,Water,Fairy,70,20,50,20,50,40,19,16,2
184,Azumarill,Water,Fairy,100,50,80,60,80,50,63,31,2
185,Sudowoodo,Rock,,70,100,115,30,65,30,84,47,2
186,Politoed,Water,,90,75,75,90,100,70,75,43,2
187,Hoppip,Grass,Flying,35,35,40,35,55,50,1,16,2
188,Skiploom,Grass,Flying,55,45,50,45,65,80,2,24,2
189,Jumpluff,Grass,Flying,75,55,70,55,95,110,7,31,2
190,Aipom,Normal,,55,70,55,40,55,85,25,31,2
191,Sunkern,Grass,,30,30,30,30,30,30,4,12,2
192,Sunflora,Grass,,75,75,55,105,85,30,19,31,2
193,Yanma,Bug,Flying,65,65,45,75,45,95,84,47,2
194,Wooper,Water,Ground,55,45,45,25,25,15,19,16,2
195,Quagsire,Water,Ground,95,85,85,65,65,35,165,55,2
196,Espeon,Psychic,,65,65,60,130,95,110,58,35,2
197,Umbreon,Dark,,95,65,110,60,130,65,59,39,2
198,Murkrow,Dark,Flying,60,85,42,85,42,91,5,20,2
199,Slowking,Water,Psychic,95,75,80,100,110,30,175,79,2
200,Misdreavus,Ghost,,60,60,60,85,85,85,2,28,2
201,Unown,Psychic,,48,72,48,72,48,48,11,20,2
202,Wobbuffet,Psychic,,190,33,58,33,58,33,63,51,2
203,Girafarig,Normal,Psychic,70,80,65,90,65,85,91,59,2
204,Pineco,Bug,,50,65,90,35,35,15,16,24,2
205,Forretress,Bug,Steel,75,90,140,60,60,40,277,47,2
206,Dunsparce,Normal,,100,70,70,65,65,45,31,59,2
207,Gligar,Ground,Flying,65,75,105,35,65,85,143,43,2
208,Steelix,Steel,Ground,75,85,200,55,65,30,880,362,2
209,Snubbull,Fairy,,60,80,50,40,40,30,17,24,2
210,Granbull,Fairy,,90,120,75,60,60,45,107,55,2
211,Qwilfish,Water,Poison,65,95,85,55,55,85,9,20,2
212,Scizor,Bug,Steel,70,130,100,55,80,65,260,71,2
213,Shuckle,Bug,Rock,20,10,230,10,230,5,45,24,2
214,Heracross,Bug,Fighting,80,125,75,40,95,85,119,59,2
215,Sneasel,Dark,Ice,55,95,55,35,75,115,62,35,2
216,Teddiursa,Normal,,60,80,50,50,50,40,19,24,2
217,Ursaring,Normal,,90,130,75,75,75,55,277,71,2
218,Slugma,Fire,,40,40,40,70,40,20,77,28,2
219,Magcargo,Fire,Rock,60,50,120,90,80,30,121,31,2
220,Swinub,Ice,Ground,50,50,40,30,30,50,14,16,2
221,Piloswine,Ice,Ground,100,100,80,60,60,50,123,43,2
222,Corsola,Water,Rock,65,55,95,65,95,35,11,24,2
223,Remoraid,Water,,35,65,35,65,35,65,26,24,2
224,Octillery,Water,,75,105,75,105,75,45,63,35,2
225,Delibird,Ice,Flying,45,55,45,65,45,75,35,35,2
226,Mantine,Water,Flying,85,40,70,80,140,70,484,83,2
227,Skarmory,Steel,Flying,65,80,140,40,70,70,111,67,2
228,Houndour,Dark,Fire,45,60,30,80,50,65,24,24,2
229,Houndoom,Dark,Fire,75,90,50,110,80,95,77,55,2
230,Kingdra,Water,Dragon,75,95,95,95,95,85,334,71,2
231,Phanpy,Ground,,90,60,60,40,40,40,74,20,2
232,Donphan,Ground,,90,120,120,60,60,50,264,43,2
233,Porygon2,Normal,,85,80,90,105,95,60,72,24,2
234,Stantler,Normal,,73,95,62,85,65,85,157,55,2
235,Smeargle,Normal,,55,20,35,20,45,75,128,47,2
236,Tyrogue,Fighting,,35,35,35,35,35,35,46,28,2
237,Hitmontop,Fighting,,50,95,95,35,110,70,106,55,2
238,Smoochum,Ice,Psychic,45,30,15,85,65,65,13,16,2
239,Elekid,Electric,,45,63,37,65,55,95,52,24,2
240,Magby,Fire,,45,75,37,70,55,83,47,28,2
241,Miltank,Normal,,95,80,105,40,70,100,166,47,2
242,Blissey,Normal,,255,10,10,75,135,55,103,59,2
243,Raikou,Electric,,90,85,75,115,100,115,392,75,2
244,Entei,Fire,,115,115,85,90,75,100,436,83,2
245,Suicune,Water,,100,75,115,90,115,85,411,79,2
246,Larvitar,Rock,Ground,50,64,50,45,50,41,158,24,2
247,Pupitar,Rock,Ground,70,84,70,65,70,51,334,47,2
248,Tyranitar,Rock,Dark,100,134,110,95,100,61,444,79,2
249,Lugia,Psychic,Flying,106,90,130,90,154,110,475,205,2
250,Ho-oh,Fire,Flying,106,130,90,110,154,90,438,150,2
251,Celebi,Psychic,Grass,100,100,100,100,100,100,11,24,2
252,Treecko,Grass,,40,45,35,65,55,70,11,20,3
253,Grovyle,Grass,,50,65,45,85,65,95,48,35,3
254,Sceptile,Grass,,70,85,65,105,85,120,115,67,3
255,Torchic,Fire,,45,60,40,70,50,45,6,16,3
256,Combusken,Fire,Fighting,60,85,60,85,60,55,43,35,3
257,Blaziken,Fire,Fighting,80,120,70,110,70,80,114,75,3
258,Mudkip,Water,,50,70,50,50,50,40,17,16,3
259,Marshtomp,Water,Ground,70,85,70,60,70,50,62,28,3
260,Swampert,Water,Ground,100,110,90,85,90,60,180,59,3
261,Poochyena,Dark,,35,55,35,30,30,35,30,20,3
262,Mightyena,Dark,,70,90,70,60,60,70,81,39,3
263,Zigzagoon,Normal,,38,30,41,30,41,60,38,16,3
264,Linoone,Normal,,78,70,61,50,61,100,72,20,3
265,Wurmple,Bug,,45,45,35,20,30,20,8,12,3
266,Silcoon,Bug,,50,35,55,25,25,15,22,24,3
267,Beautifly,Bug,Flying,60,70,50,100,50,65,62,39,3
268,Cascoon,Bug,,50,35,55,25,25,15,25,28,3
269,Dustox,Bug,Poison,60,50,70,50,90,65,70,47,3
270,Lotad,Water,Grass,40,30,30,40,50,30,6,20,3
271,Lombre,Water,Grass,60,50,50,60,70,50,72,47,3
272,Ludicolo,Water,Grass,80,70,70,90,100,70,121,59,3
273,Seedot,Grass,,40,40,50,30,30,30,9,20,3
274,Nuzleaf,Grass,Dark,70,70,40,60,40,60,62,39,3
275,Shiftry,Grass,Dark,90,100,60,90,60,80,131,51,3
276,Taillow,Normal,Flying,40,55,30,30,30,85,5,12,3
277,Swellow,Normal,Flying,60,85,60,75,50,125,44,28,3
278,Wingull,Water,Flying,40,30,30,55,30,85,21,24,3
279,Pelipper,Water,Flying,60,50,100,95,70,65,62,47,3
280,Ralts,Psychic,Fairy,28,25,25,45,35,40,15,16,3
281,Kirlia,Psychic,Fairy,38,35,35,65,55,50,44,31,3
282,Gardevoir,Psychic,Fairy,68,65,65,125,115,80,106,63,3
283,Surskit,Bug,Water,40,30,32,50,52,65,4,20,3
284,Masquerain,Bug,Flying,70,60,62,100,82,80,8,31,3
285,Shroomish,Grass,,60,40,60,40,60,35,10,16,3
286,Breloom,Grass,Fighting,60,130,80,60,60,70,86,47,3
287,Slakoth,Normal,,60,60,60,35,35,30,53,31,3
288,Vigoroth,Normal,,80,80,80,55,55,90,102,55,3
289,Slaking,Normal,,150,160,100,95,65,100,287,79,3
290,Nincada,Bug,Ground,31,45,90,30,30,40,12,20,3
291,Ninjask,Bug,Flying,61,90,45,50,50,160,26,31,3
292,Shedinja,Bug,Ghost,1,90,45,30,30,40,3,31,3
293,Whismur,Normal,,64,51,23,51,23,28,36,24,3
294,Loudred,Normal,,84,71,43,71,43,48,89,39,3
295,Exploud,Normal,,104,91,63,91,73,68,185,59,3
296,Makuhita,Fighting,,72,60,30,20,30,25,190,39,3
297,Hariyama,Fighting,,144,120,60,40,60,50,558,91,3
298,Azurill,Normal,Fairy,50,20,40,20,40,20,4,8,3
299,Nosepass,Rock,,30,45,135,45,90,30,213,39,3
300,Skitty,Normal,,50,45,45,35,35,50,24,24,3
301,Delcatty,Normal,,70,65,65,55,55,90,72,43,3
302,Sableye,Dark,Ghost,50,75,75,65,65,50,24,20,3
303,Mawile,Steel,Fairy,50,85,85,55,55,50,25,24,3
304,Aron,Steel,Rock,50,70,100,40,40,30,132,16,3
305,Lairon,Steel,Rock,60,90,140,50,50,40,264,35,3
306,Aggron,Steel,Rock,70,110,180,60,60,50,792,83,3
307,Meditite,Fighting,Psychic,30,40,55,40,55,60,25,24,3
308,Medicham,Fighting,Psychic,60,60,75,60,75,80,69,51,3
309,Electrike,Electric,,40,45,40,65,40,65,33,24,3
310,Manectric,Electric,,70,75,60,105,60,105,88,59,3
311,Plusle,Electric,,60,50,40,85,75,95,9,16,3
312,Minun,Electric,,60,40,50,75,85,95,9,16,3
313,Volbeat,Bug,,65,73,75,47,85,85,39,28,3
314,Illumise,Bug,,65,47,75,73,85,85,39,24,3
315,Roselia,Grass,Poison,50,60,45,100,80,65,4,12,3
316,Gulpin,Poison,,70,43,53,43,53,40,23,16,3
317,Swalot,Poison,,100,73,83,73,83,55,176,67,3
318,Carvanha,Water,Dark,45,90,20,65,20,65,46,31,3
319,Sharpedo,Water,Dark,70,120,40,95,40,95,195,71,3
320,Wailmer,Water,,130,70,35,70,35,60,286,79,3
321,Wailord,Water,,170,90,45,90,45,60,876,571,3
322,Numel,Fire,Ground,60,60,40,65,45,35,53,28,3
323,Camerupt,Fire,Ground,70,100,70,105,75,40,484,75,3
324,Torkoal,Fire,,70,85,140,85,70,20,177,20,3
325,Spoink,Psychic,,60,25,35,70,80,60,67,28,3
326,Grumpig,Psychic,,80,45,65,90,110,80,157,35,3
327,Spinda,Normal,,60,60,60,60,60,60,11,43,3
328,Trapinch,Ground,,45,100,45,45,45,10,33,28,3
329,Vibrava,Ground,Dragon,50,70,50,50,50,70,34,43,3
330,Flygon,Ground,Dragon,80,100,80,80,80,100,180,79,3
331,Cacnea,Grass,,50,85,40,85,40,35,113,16,3
332,Cacturne,Grass,Dark,70,115,60,115,60,55,170,51,3
333,Swablu,Normal,Flying,45,40,60,40,75,50,3,16,3
334,Altaria,Dragon,Flying,75,70,90,70,105,80,45,43,3
335,Zangoose,Normal,,73,115,60,60,60,90,89,51,3
336,Seviper,Poison,,73,100,60,100,60,65,116,106,3
337,Lunatone,Rock,Psychic,90,55,65,95,85,70,370,39,3
338,Solrock,Rock,Psychic,90,95,85,55,65,70,339,47,3
339,Barboach,Water,Ground,50,48,43,46,41,60,4,16,3
340,Whiscash,Water,Ground,110,78,73,76,71,60,52,35,3
341,Corphish,Water,,43,80,65,50,35,35,25,24,3
342,Crawdaunt,Water,Dark,63,120,85,90,55,55,72,43,3
343,Baltoy,Ground,Psychic,40,40,55,40,70,55,47,20,3
344,Claydol,Ground,Psychic,60,70,105,70,120,75,238,59,3
345,Lileep,Rock,Grass,66,41,77,61,87,23,52,39,3
346,Cradily,Rock,Grass,86,81,97,81,107,43,133,59,3
347,Anorith,Rock,Bug,45,95,50,40,50,75,28,28,3
348,Armaldo,Rock,Bug,75,125,100,70,80,45,150,59,3
349,Feebas,Water,,20,15,20,10,55,80,16,24,3
350,Milotic,Water,,95,60,79,100,125,81,356,244,3
351,Castform,Normal,,70,70,70,70,70,70,2,12,3
352,Kecleon,Normal,,60,90,70,60,120,40,48,39,3
353,Shuppet,Ghost,,44,75,35,63,33,45,5,24,3
354,Banette,Ghost,,64,115,65,83,63,65,28,43,3
355,Duskull,Ghost,,20,40,90,30,90,25,33,31,3
356,Dusclops,Ghost,,40,70,130,60,130,25,67,63,3
357,Tropius,Grass,Flying,99,68,83,72,87,51,220,79,3
358,Chimecho,Psychic,,75,50,80,95,90,65,2,24,3
359,Absol,Dark,,65,130,60,75,60,75,103,47,3
360,Wynaut,Psychic,,95,23,48,23,48,23,31,24,3
361,Snorunt,Ice,,50,50,50,50,50,50,37,28,3
362,Glalie,Ice,,80,80,80,80,80,80,564,59,3
363,Spheal,Ice,Water,70,40,50,55,50,25,87,31,3
364,Sealeo,Ice,Water,90,60,70,75,70,45,193,43,3
365,Walrein,Ice,Water,110,80,90,95,90,65,331,55,3
366,Clamperl,Water,,35,64,85,74,55,32,116,16,3
367,Huntail,Water,,55,104,105,94,75,52,59,67,3
368,Gorebyss,Water,,55,84,105,114,75,52,50,71,3
369,Relicanth,Water,Rock,100,90,130,45,65,55,51,39,3
370,Luvdisc,Water,,43,30,55,40,65,97,19,24,3
371,Bagon,Dragon,,45,75,60,40,30,50,93,24,3
372,Shelgon,Dragon,,65,95,100,60,50,50,243,43,3
373,Salamence,Dragon,Flying,95,135,80,110,80,100,226,59,3
374,Beldum,Steel,Psychic,40,55,80,35,60,30,209,24,3
375,Metang,Steel,Psychic,60,75,100,55,80,50,446,47,3
376,Metagross,Steel,Psychic,80,135,130,95,90,70,1210,63,3
377,Regirock,Rock,,80,100,200,50,100,50,506,67,3
378,Regice,Ice,,80,50,100,100,200,50,385,71,3
379,Registeel,Steel,,80,75,150,75,150,50,451,75,3
380,Latias,Dragon,Psychic,80,80,90,110,130,110,88,55,3
381,Latios,Dragon,Psychic,80,90,80,130,110,110,132,79,3
382,Kyogre,Water,,100,100,90,150,140,90,774,177,3
383,Groudon,Ground,,100,150,140,100,90,90,2090,138,3
384,Rayquaza,Dragon,Flying,105,150,90,150,90,95,454,276,3
385,Jirachi,Steel,Psychic,100,100,100,100,100,100,2,12,3
386,Deoxys-normal,Psychic,,50,150,50,150,50,150,134,67,3
387,Turtwig,Grass,,55,68,64,45,55,31,22,16,4
388,Grotle,Grass,,75,89,85,55,65,36,213,43,4
389,Torterra,Grass,Ground,95,109,105,75,85,56,682,87,4
390,Chimchar,Fire,,44,58,44,58,44,61,14,20,4
391,Monferno,Fire,Fighting,64,78,52,78,52,81,48,35,4
392,Infernape,Fire,Fighting,76,104,71,104,71,108,121,47,4
393,Piplup,Water,,53,51,53,61,56,40,11,16,4
394,Prinplup,Water,,64,66,68,81,76,50,51,31,4
395,Empoleon,Water,Steel,84,86,88,111,101,60,186,67,4
396,Starly,Normal,Flying,40,55,30,30,30,60,4,12,4
397,Staravia,Normal,Flying,55,75,50,40,40,80,34,24,4
398,Staraptor,Normal,Flying,85,120,70,50,60,100,55,47,4
399,Bidoof,Normal,,59,45,40,35,40,31,44,20,4
400,Bibarel,Normal,Water,79,85,60,55,60,71,69,39,4
401,Kricketot,Bug,,37,25,41,25,41,25,5,12,4
402,Kricketune,Bug,,77,85,51,55,51,65,56,39,4
403,Shinx,Electric,,45,65,34,40,34,45,21,20,4
404,Luxio,Electric,,60,85,49,60,49,60,67,35,4
405,Luxray,Electric,,80,120,79,95,79,70,92,55,4
406,Budew,Grass,Poison,40,30,35,50,70,55,3,8,4
407,Roserade,Grass,Poison,60,70,65,125,105,90,32,35,4
408,Cranidos,Rock,,67,125,40,30,30,58,69,35,4
409,Rampardos,Rock,,97,165,60,65,50,58,226,63,4
410,Shieldon,Rock,Steel,30,42,118,42,88,30,125,20,4
411,Bastiodon,Rock,Steel,60,52,168,47,138,30,329,51,4
412,Burmy,Bug,,40,29,45,29,45,36,7,8,4
413,Wormadam-plant,Bug,Grass,60,59,85,79,105,36,14,20,4
414,Mothim,Bug,Flying,70,94,50,94,50,66,51,35,4
415,Combee,Bug,Flying,30,30,42,30,42,70,12,12,4
416,Vespiquen,Bug,Flying,70,80,102,80,102,40,85,47,4
417,Pachirisu,Electric,,60,45,70,45,90,95,9,16,4
418,Buizel,Water,,55,65,35,60,30,85,65,28,4
419,Floatzel,Water,,85,105,55,85,50,115,74,43,4
420,Cherubi,Grass,,45,35,45,62,53,35,7,16,4
421,Cherrim,Grass,,70,60,70,87,78,85,20,20,4
422,Shellos,Water,,76,48,48,57,62,34,14,12,4
423,Gastrodon,Water,Ground,111,83,68,92,82,39,66,35,4
424,Ambipom,Normal,,75,100,66,60,66,115,45,47,4
425,Drifloon,Ghost,Flying,90,50,34,60,44,70,3,16,4
426,Drifblim,Ghost,Flying,150,80,44,90,54,80,33,47,4
427,Buneary,Normal,,55,66,44,44,56,85,12,16,4
428,Lopunny,Normal,,65,76,84,54,96,105,73,47,4
429,Mismagius,Ghost,,60,60,60,105,105,105,10,35,4
430,Honchkrow,Dark,Flying,100,125,52,105,52,71,60,35,4
431,Glameow,Normal,,49,55,42,42,37,85,9,20,4
432,Purugly,Normal,,71,82,64,64,59,112,96,39,4
433,Chingling,Psychic,,45,30,50,65,50,45,1,8,4
434,Stunky,Poison,Dark,63,63,47,41,41,74,42,16,4
435,Skuntank,Poison,Dark,103,93,67,71,61,84,84,39,4
436,Bronzor,Steel,Psychic,57,24,86,24,86,23,133,20,4
437,Bronzong,Steel,Psychic,67,89,116,79,116,33,411,51,4
438,Bonsly,Rock,,50,80,95,10,45,10,33,20,4
439,Mime-jr,Psychic,Fairy,20,25,45,70,90,60,29,24,4
440,Happiny,Normal,,100,5,5,15,65,30,54,24,4
441,Chatot,Normal,Flying,76,65,45,92,42,91,4,20,4
442,Spiritomb,Ghost,Dark,50,92,108,92,108,35,238,39,4
443,Gible,Dragon,Ground,58,70,45,40,45,42,45,28,4
444,Gabite,Dragon,Ground,68,90,65,50,55,82,123,55,4
445,Garchomp,Dragon,Ground,108,130,95,80,85,102,209,75,4
446,Munchlax,Normal,,135,85,40,40,85,5,231,24,4
447,Riolu,Fighting,,40,70,40,35,40,60,44,28,4
448,Lucario,Fighting,Steel,70,110,70,115,70,90,119,47,4
449,Hippopotas,Ground,,68,72,78,38,42,32,109,31,4
450,Hippowdon,Ground,,108,112,118,68,72,47,660,79,4
451,Skorupi,Poison,Bug,40,50,90,30,55,65,26,31,4
452,Drapion,Poison,Dark,70,90,110,60,75,95,135,51,4
453,Croagunk,Poison,Fighting,48,61,40,61,40,50,51,28,4
454,Toxicroak,Poison,Fighting,83,106,65,86,65,85,98,51,4
455,Carnivine,Grass,,74,100,72,90,72,46,59,55,4
456,Finneon,Water,,49,49,56,49,61,66,15,16,4
457,Lumineon,Water,,69,69,76,69,86,91,53,47,4
458,Mantyke,Water,Flying,45,20,50,60,120,50,143,39,4
459,Snover,Grass,Ice,60,62,50,62,60,40,111,39,4
460,Abomasnow,Grass,Ice,90,92,75,92,85,60,298,87,4
461,Weavile,Dark,Ice,70,120,65,45,85,125,75,43,4
462,Magnezone,Electric,Steel,70,70,115,130,90,60,396,47,4
463,Lickilicky,Normal,,110,85,95,80,95,50,308,67,4
464,Rhyperior,Ground,Rock,115,140,130,55,55,40,622,94,4
465,Tangrowth,Grass,,100,100,125,110,50,50,283,79,4
466,Electivire,Electric,,75,123,67,95,85,95,305,71,4
467,Magmortar,Fire,,75,95,67,125,95,83,150,63,4
468,Togekiss,Fairy,Flying,85,50,95,120,115,80,84,59,4
469,Yanmega,Bug,Flying,86,76,86,116,56,95,113,75,4
470,Leafeon,Grass,,65,110,130,60,65,95,56,39,4
471,Glaceon,Ice,,65,60,110,130,95,65,57,31,4
472,Gliscor,Ground,Flying,75,95,125,45,75,95,94,79,4
473,Mamoswine,Ice,Ground,110,130,80,70,60,80,640,98,4
474,Porygon-z,Normal,,85,80,70,135,75,90,75,35,4
475,Gallade,Psychic,Fighting,68,125,65,65,115,80,114,63,4
476,Probopass,Rock,Steel,60,55,145,75,150,40,748,55,4
477,Dusknoir,Ghost,,45,100,135,65,135,45,235,87,4
478,Froslass,Ice,Ghost,70,80,70,80,70,110,59,51,4
479,Rotom,Electric,Ghost,50,50,77,95,77,91,1,12,4
480,Uxie,Psychic,,75,75,130,75,130,95,1,12,4
481,Mesprit,Psychic,,80,105,105,105,105,80,1,12,4
482,Azelf,Psychic,,75,125,70,125,70,115,1,12,4
483,Dialga,Steel,Dragon,100,120,120,150,100,90,1503,213,4
484,Palkia,Water,Dragon,90,120,100,150,120,100,739,165,4
485,Heatran,Fire,Steel,91,90,106,130,106,77,946,67,4
486,Regigigas,Normal,,110,160,110,80,110,100,924,146,4
487,Giratina-altered,Ghost,Dragon,150,100,120,100,120,90,1650,177,4
488,Cresselia,Psychic,,120,70,110,75,120,85,188,59,4
489,Phione,Water,,80,80,80,80,80,80,7,16,4
490,Manaphy,Water,,100,100,100,100,100,100,3,12,4
491,Darkrai,Dark,,70,90,90,135,90,125,111,59,4
492,Shaymin-land,Grass,,100,100,100,100,100,100,5,8,4
493,Arceus,Normal,,120,120,120,120,120,120,704,126,4
494,Victini,Psychic,Fire,100,100,100,100,100,100,9,16,5
495,Snivy,Grass,,45,45,55,45,55,63,18,24,5
496,Servine,Grass,,60,60,75,60,75,83,35,31,5
497,Serperior,Grass,,75,75,95,75,95,113,139,130,5
498,Tepig,Fire,,65,63,45,45,45,45,22,20,5
499,Pignite,Fire,Fighting,90,93,55,70,55,55,122,39,5
500,Emboar,Fire,Fighting,110,123,65,100,65,65,330,63,5
501,Oshawott,Water,,55,55,45,63,45,45,13,20,5
502,Dewott,Water,,75,75,60,83,60,60,54,31,5
503,Samurott,Water,,95,100,85,108,70,70,208,59,5
504,Patrat,Normal,,45,55,39,35,39,42,26,20,5
505,Watchog,Normal,,60,85,69,60,69,77,59,43,5
506,Lillipup,Normal,,45,60,45,25,45,55,9,16,5
507,Herdier,Normal,,65,80,65,35,65,60,32,35,5
508,Stoutland,Normal,,85,110,90,45,90,80,134,47,5
509,Purrloin,Dark,,41,50,37,50,37,66,22,16,5
510,Liepard,Dark,,64,88,50,88,50,106,82,43,5
511,Pansage,Grass,,50,53,48,53,48,64,23,24,5
512,Simisage,Grass,,75,98,63,98,63,101,67,43,5
513,Pansear,Fire,,50,53,48,53,48,64,24,24,5
514,Simisear,Fire,,75,98,63,98,63,101,62,39,5
515,Panpour,Water,,50,53,48,53,48,64,30,24,5
516,Simipour,Water,,75,98,63,98,63,101,64,39,5
517,Munna,Psychic,,76,25,45,67,55,24,51,24,5
518,Musharna,Psychic,,116,55,85,107,95,29,133,43,5
519,Pidove,Normal,Flying,50,55,50,36,30,43,5,12,5
520,Tranquill,Normal,Flying,62,77,62,50,42,65,33,24,5
521,Unfezant,Normal,Flying,80,115,80,65,55,93,64,47,5
522,Blitzle,Electric,,45,60,32,50,32,76,66,31,5
523,Zebstrika,Electric,,75,100,63,80,63,116,175,63,5
524,Roggenrola,Rock,,55,75,85,25,25,15,40,16,5
525,Boldore,Rock,,70,105,105,50,40,20,224,35,5
526,Gigalith,Rock,,85,135,130,60,80,25,572,67,5
527,Woobat,Psychic,Flying,65,45,43,55,43,72,5,16,5
528,Swoobat,Psychic,Flying,67,57,55,77,55,114,23,35,5
529,Drilbur,Ground,,60,85,40,30,45,68,19,12,5
530,Excadrill,Ground,Steel,110,135,60,50,65,88,89,28,5
531,Audino,Normal,,103,60,86,60,86,50,68,43,5
532,Timburr,Fighting,,75,80,55,25,35,35,28,24,5
533,Gurdurr,Fighting,,85,105,85,40,50,40,88,47,5
534,Conkeldurr,Fighting,,105,140,95,55,65,45,191,55,5
535,Tympole,Water,,50,50,40,50,40,64,10,20,5
536,Palpitoad,Water,Ground,75,65,55,65,55,69,37,31,5
537,Seismitoad,Water,Ground,105,95,75,85,75,74,136,59,5
538,Throh,Fighting,,120,100,85,30,85,45,122,51,5
539,Sawk,Fighting,,75,125,75,30,75,85,112,55,5
540,Sewaddle,Bug,Grass,45,53,70,40,60,42,6,12,5
541,Swadloon,Bug,Grass,55,63,90,50,80,42,16,20,5
542,Leavanny,Bug,Grass,75,103,80,70,80,92,45,47,5
543,Venipede,Bug,Poison,30,45,59,30,39,57,12,16,5
544,Whirlipede,Bug,Poison,40,55,99,40,79,47,129,47,5
545,Scolipede,Bug,Poison,60,100,89,55,69,112,441,98,5
546,Cottonee,Grass,Fairy,40,27,60,37,50,66,1,12,5
547,Whimsicott,Grass,Fairy,60,67,85,77,75,116,15,28,5
548,Petilil,Grass,,45,35,50,70,50,30,15,20,5
549,Lilligant,Grass,,70,60,75,110,75,90,36,43,5
550,Basculin-red-striped,Water,,70,92,65,80,55,98,40,39,5
551,Sandile,Ground,Dark,50,72,35,35,35,65,33,28,5
552,Krokorok,Ground,Dark,60,82,45,45,45,74,73,39,5
553,Krookodile,Ground,Dark,95,117,80,65,70,92,212,59,5
554,Darumaka,Fire,,70,90,45,15,45,50,82,24,5
555,Darmanitan-standard,Fire,,105,140,55,30,55,95,204,51,5
556,Maractus,Grass,,75,86,67,106,67,60,62,39,5
557,Dwebble,Bug,Rock,50,65,85,35,35,55,32,12,5
558,Crustle,Bug,Rock,70,105,125,65,75,45,440,55,5
559,Scraggy,Dark,Fighting,50,75,70,35,70,48,26,24,5
560,Scrafty,Dark,Fighting,65,90,115,45,115,58,66,43,5
561,Sigilyph,Psychic,Flying,72,58,80,103,80,97,31,55,5
562,Yamask,Ghost,,38,30,85,55,65,30,3,20,5
563,Cofagrigus,Ghost,,58,50,145,95,105,30,168,67,5
564,Tirtouga,Water,Rock,54,78,103,53,45,22,36,28,5
565,Carracosta,Water,Rock,74,108,133,83,65,32,178,47,5
566,Archen,Rock,Flying,55,112,45,74,45,70,21,20,5
567,Archeops,Rock,Flying,75,140,65,112,65,110,70,55,5
568,Trubbish,Poison,,50,50,62,40,62,65,68,24,5
569,Garbodor,Poison,,80,95,82,60,82,75,236,75,5
570,Zorua,Dark,,40,65,40,80,40,65,28,28,5
571,Zoroark,Dark,,60,105,60,120,60,105,178,63,5
572,Minccino,Normal,,55,50,40,40,40,75,13,16,5
573,Cinccino,Normal,,75,95,60,65,60,115,16,20,5
574,Gothita,Psychic,,45,30,50,55,65,45,13,16,5
575,Gothorita,Psychic,,60,45,70,75,85,55,40,28,5
576,Gothitelle,Psychic,,70,55,95,95,110,65,97,59,5
577,Solosis,Psychic,,45,30,40,105,50,20,2,12,5
578,Duosion,Psychic,,65,40,50,125,60,30,18,24,5
579,Reuniclus,Psychic,,110,65,75,125,85,30,44,39,5
580,Ducklett,Water,Flying,62,44,50,44,50,55,12,20,5
581,Swanna,Water,Flying,75,87,63,87,63,98,53,51,5
582,Vanillite,Ice,,36,50,50,65,60,44,13,16,5
583,Vanillish,Ice,,51,65,65,80,75,59,90,43,5
584,Vanilluxe,Ice,,71,95,85,110,95,79,127,51,5
585,Deerling,Normal,Grass,60,60,50,40,50,75,43,24,5
586,Sawsbuck,Normal,Grass,80,100,70,60,70,95,204,75,5
587,Emolga,Electric,Flying,55,75,60,75,60,103,11,16,5
588,Karrablast,Bug,,50,75,45,40,45,60,13,20,5
589,Escavalier,Bug,Steel,70,135,105,60,105,20,73,39,5
590,Foongus,Grass,Poison,69,55,45,55,55,15,2,8,5
591,Amoonguss,Grass,Poison,114,85,70,85,80,30,23,24,5
592,Frillish,Water,Ghost,55,40,50,65,85,40,73,47,5
593,Jellicent,Water,Ghost,100,60,70,85,105,60,297,87,5
594,Alomomola,Water,,165,75,80,40,45,65,70,47,5
595,Joltik,Bug,Electric,50,47,50,57,50,65,1,4,5
596,Galvantula,Bug,Electric,70,77,60,97,60,108,31,31,5
597,Ferroseed,Grass,Steel,44,50,91,24,86,10,41,24,5
598,Ferrothorn,Grass,Steel,74,94,131,54,116,20,242,39,5
599,Klink,Steel,,40,55,70,45,60,30,46,12,5
600,Klang,Steel,,60,80,95,70,85,50,112,24,5
601,Klinklang,Steel,,60,100,115,70,85,90,178,24,5
602,Tynamo,Electric,,35,55,40,45,40,60,1,8,5
603,Eelektrik,Electric,,65,85,70,75,70,40,48,47,5
604,Eelektross,Electric,,85,115,80,105,80,50,177,83,5
605,Elgyem,Psychic,,55,55,55,85,55,30,20,20,5
606,Beheeyem,Psychic,,75,75,75,125,95,40,76,39,5
607,Litwick,Ghost,Fire,50,30,55,65,55,20,7,12,5
608,Lampent,Ghost,Fire,60,40,60,95,60,55,29,24,5
609,Chandelure,Ghost,Fire,60,55,90,145,90,80,75,39,5
610,Axew,Dragon,,46,87,60,30,40,57,40,24,5
611,Fraxure,Dragon,,66,117,70,40,50,67,79,39,5
612,Haxorus,Dragon,,76,147,90,60,70,97,232,71,5
613,Cubchoo,Ice,,55,70,40,60,40,40,19,20,5
614,Beartic,Ice,,95,130,80,70,80,50,572,102,5
615,Cryogonal,Ice,,80,50,50,95,135,105,326,43,5
616,Shelmet,Bug,,50,40,85,40,65,25,17,16,5
617,Accelgor,Bug,,80,70,40,100,60,145,56,31,5
618,Stunfisk,Ground,Electric,109,66,84,81,99,32,24,28,5
619,Mienfoo,Fighting,,45,85,50,55,50,65,44,35,5
620,Mienshao,Fighting,,65,125,60,95,60,105,78,55,5
621,Druddigon,Dragon,,77,120,90,60,90,48,306,63,5
622,Golett,Ground,Ghost,59,74,50,35,50,35,202,39,5
623,Golurk,Ground,Ghost,89,124,80,55,80,55,726,110,5
624,Pawniard,Dark,Steel,45,85,70,40,40,60,22,20,5
625,Bisharp,Dark,Steel,65,125,100,60,70,70,154,63,5
626,Bouffalant,Normal,,95,110,95,40,95,55,208,63,5
627,Rufflet,Normal,Flying,70,83,50,37,50,60,23,20,5
628,Braviary,Normal,Flying,100,123,75,57,75,80,90,59,5
629,Vullaby,Dark,Flying,70,55,75,45,65,60,20,20,5
630,Mandibuzz,Dark,Flying,110,65,105,55,95,80,87,47,5
631,Heatmor,Fire,,85,97,66,105,66,65,128,55,5
632,Durant,Bug,Steel,58,109,112,48,48,109,73,12,5
633,Deino,Dark,Dragon,52,65,50,45,50,38,38,31,5
634,Zweilous,Dark,Dragon,72,85,70,65,70,58,110,55,5
635,Hydreigon,Dark,Dragon,92,105,90,125,90,98,352,71,5
636,Larvesta,Bug,Fire,55,85,55,50,55,60,63,43,5
637,Volcarona,Bug,Fire,85,60,65,135,105,100,101,63,5
638,Cobalion,Steel,Fighting,91,90,129,90,72,108,550,83,5
639,Terrakion,Rock,Fighting,91,129,90,72,90,108,572,75,5
640,Virizion,Grass,Fighting,91,90,72,90,129,108,440,79,5
641,Tornadus-incarnate,Flying,,79,115,70,125,80,111,139,59,5
642,Thundurus-incarnate,Electric,Flying,79,115,70,125,80,111,134,59,5
643,Reshiram,Dragon,Fire,100,120,100,150,120,90,726,126,5
644,Zekrom,Dragon,Electric,100,150,120,120,100,90,759,114,5
645,Landorus-incarnate,Ground,Flying,89,125,90,115,80,101,150,59,5
646,Kyurem,Dragon,Ice,125,130,90,130,90,95,715,118,5
647,Keldeo-ordinary,Water,Fighting,91,72,90,129,90,108,107,55,5
648,Meloetta-aria,Normal,Psychic,100,77,77,128,128,90,14,24,5
649,Genesect,Bug,Steel,71,120,95,120,95,99,182,59,5
